Year,Quarter,Month,Day,Value,Element,Field,Average of High,Average of Low,ValuePerAcre
2024,Qtr 1,March,20,0,Se,BI,2,1,0
2024,Qtr 1,March,20,0,Se,DAF,2,1,0
2024,Qtr 1,March,20,0.08,Se,GL RANCH,2,1,0.000429345784361
2024,Qtr 1,March,20,0.13,Se,TERK,2,1,0.0005904528319026
2024,Qtr 1,March,20,0.18,Mo,GOODMAN,5.25,1.25,0.0015652173913043
2024,Qtr 1,March,20,0.19,Mo,DAF,5.25,1.25,0.0008812615955473
2024,Qtr 1,March,20,0.19,Mo,GL RANCH,5.25,1.25,0.0010196962378575
2024,Qtr 1,March,20,0.21,Mo,GOLF P,5.25,1.25,0.0019361976765627
2024,Qtr 1,March,20,0.21,Mo,JK,5.25,1.25,0.0046439628482972
2024,Qtr 1,March,20,0.21,Mo,MAZZ-HOME,5.25,1.25,0.0136629798308392
2024,Qtr 1,March,20,0.22,Mo,BALBOA,5.25,1.25,0.0013470487386725
2024,Qtr 1,March,20,0.22,Mo,GOLF,5.25,1.25,0.002263607367013
2024,Qtr 1,March,20,0.22,Mo,TERK,5.25,1.25,0.0009992278693736
2024,Qtr 1,March,20,0.24,Mo,BALBOA,5.25,1.25,0.0014695077149155
2024,Qtr 1,March,20,0.24,Mo,BRU-1A,5.25,1.25,0.0024
2024,Qtr 1,March,20,0.24,Mo,C&H3,5.25,1.25,0.0024247322691452
2024,Qtr 1,March,20,0.24,Mo,DAF,5.25,1.25,0.0011131725417439
2024,Qtr 1,March,20,0.24,Mo,DAF 2,5.25,1.25,0.0122699386503067
2024,Qtr 1,March,20,0.25,Mo,BYRD,5.25,1.25,0.003829656862745
2024,Qtr 1,March,20,0.25,Mo,GL ORGANIC,5.25,1.25,0.0013417055761283
2024,Qtr 1,March,20,0.25,Mo,SP 50,5.25,1.25,0.0048971596474045
2024,Qtr 1,March,20,0.25,Mo,TERK,5.25,1.25,0.0011354862151973
2024,Qtr 1,March,20,0.25,Se,BALBOA,2,1,0.0015307372030369
2024,Qtr 1,March,20,0.26,Mo,BRS-250,5.25,1.25,0.0010321146441189
2024,Qtr 1,March,20,0.26,Mo,DAF,5.25,1.25,0.0012059369202226
2024,Qtr 1,March,20,0.26,Mo,GL RANCH,5.25,1.25,0.0013953737991735
2024,Qtr 1,March,20,0.26,Mo,JK,5.25,1.25,0.0057496682883679
2024,Qtr 1,March,20,0.26,Se,MAZZ-HOME,2,1,0.0169160702667534
2024,Qtr 1,March,20,0.27,Mo,BI,5.25,1.25,0.0016941707975152
2024,Qtr 1,March,20,0.27,Mo,C&H2,5.25,1.25,0.00675
2024,Qtr 1,March,20,0.27,Mo,DAF,5.25,1.25,0.0012523191094619
2024,Qtr 1,March,20,0.27,Mo,GJ,5.25,1.25,0.0154816513761467
2024,Qtr 1,March,20,0.29,Mo,505 SOUTH,5.25,1.25,0.0008048178059001
2024,Qtr 1,March,20,0.29,Mo,KF,5.25,1.25,0.0018039313262005
2024,Qtr 1,March,20,0.29,Mo,REYES,5.25,1.25,0.0063043478260869
2024,Qtr 1,March,20,0.32,Mo,505 NORTH,5.25,1.25,0.0008880748203036
2024,Qtr 1,March,20,0.32,Mo,BI,5.25,1.25,0.0020079061303884
2024,Qtr 1,March,20,0.32,Mo,TOP,5.25,1.25,0.0042666666666666
2024,Qtr 1,March,20,0.33,Mo,RCH,5.25,1.25,0.0032960447463044
2024,Qtr 1,March,20,0.34,Se,505 SOUTH,2,1,0.0009435794965725
2024,Qtr 1,March,20,0.35,Mo,WFP,5.25,1.25,0.0180785123966942
2024,Qtr 1,March,20,0.35,Se,DAF,2,1,0.0016233766233766
2024,Qtr 1,March,20,0.42,Se,JK,2,1,0.0092879256965944
2024,Qtr 1,March,20,0.43,Se,BALBOA,2,1,0.0026328679892236
2024,Qtr 1,March,20,0.44,Se,SP 50,2,1,0.0086190009794319
2024,Qtr 1,March,20,0.46,Se,GOLF,2,1,0.0047329972219364
2024,Qtr 1,March,20,0.47,Se,GL ORGANIC,2,1,0.0025224064831213
2024,Qtr 1,March,20,0.5,Se,DAF,2,1,0.0023191094619666
2024,Qtr 1,March,20,0.56,Se,C&H3,2,1,0.0056577086280056
2024,Qtr 1,March,20,0.56,Se,KF,2,1,0.0034834535954217
2024,Qtr 1,March,20,0.62,Se,RCH,2,1,0.0061925689172992
2024,Qtr 1,March,20,0.64,Se,C&H2,2,1,0.016
2024,Qtr 1,March,20,0.64,Se,GJ,2,1,0.036697247706422
2024,Qtr 1,March,20,0.66,Se,DAF,2,1,0.0030612244897959
2024,Qtr 1,March,20,0.66,Se,JK,2,1,0.0145953118089341
2024,Qtr 1,March,20,0.66,Se,WFP,2,1,0.034090909090909
2024,Qtr 1,March,20,0.71,Co,GJ,3.25,1.25,0.0407110091743119
2024,Qtr 1,March,20,0.73,Se,505 NORTH,2,1,0.0020259206838176
2024,Qtr 1,March,20,0.78,P,JK,800,400,0.0172490048651039
2024,Qtr 1,March,20,0.79,Co,C&H3,3.25,1.25,0.0079814103859365
2024,Qtr 1,March,20,0.79,Zn,TOP,20,10,0.0105333333333333
2024,Qtr 1,March,20,0.82,Se,GOLF P,2,1,0.0075603909275308
2024,Qtr 1,March,20,0.84,Co,GOLF,3.25,1.25,0.0086428644922317
2024,Qtr 1,March,20,0.84,Co,WFP,3.25,1.25,0.0433884297520661
2024,Qtr 1,March,20,0.87,Se,BI,2,1,0.0054589947919934
2024,Qtr 1,March,20,0.9,Cu,GOLF,4,2,0.0092602119559625
2024,Qtr 1,March,20,0.9,Se,BRU-1A,2,1,0.009
2024,Qtr 1,March,20,0.91,Se,GL RANCH,2,1,0.0048838082971072
2024,Qtr 1,March,20,0.94,Se,GOODMAN,2,1,0.0081739130434782
2024,Qtr 1,March,20,0.94,Se,TERK,2,1,0.004269428169142
2024,Qtr 1,March,20,1,Se,TOP,2,1,0.0133333333333333
2024,Qtr 1,March,20,1.02,Co,505 SOUTH,3.25,1.25,0.0028307384897177
2024,Qtr 1,March,20,1.02,Co,DAF,3.25,1.25,0.0047309833024118
2024,Qtr 1,March,20,1.02,Cu,C&H3,4,2,0.0103051121438674
2024,Qtr 1,March,20,1.03,Co,DAF,3.25,1.25,0.0047773654916512
2024,Qtr 1,March,20,1.03,Co,MAZZ-HOME,3.25,1.25,0.0670136629798308
2024,Qtr 1,March,20,1.03,Se,REYES,2,1,0.022391304347826
2024,Qtr 1,March,20,1.04,P,TOP,800,400,0.0138666666666666
2024,Qtr 1,March,20,1.05,Co,TERK,3.25,1.25,0.0047690421038288
2024,Qtr 1,March,20,1.07,Se,DAF 2,2,1,0.0547034764826175
2024,Qtr 1,March,20,1.08,Co,DAF 2,3.25,1.25,0.0552147239263803
2024,Qtr 1,March,20,1.1,Co,GL RANCH,3.25,1.25,0.0059035045349648
2024,Qtr 1,March,20,1.11,Co,C&H2,3.25,1.25,0.02775
2024,Qtr 1,March,20,1.11,Co,DAF,3.25,1.25,0.0051484230055658
2024,Qtr 1,March,20,1.13,Cu,BI,4,2,0.007090418522934
2024,Qtr 1,March,20,1.15,Co,DAF,3.25,1.25,0.0053339517625231
2024,Qtr 1,March,20,1.17,Zn,C&H3,20,10,0.0118205698120832
2024,Qtr 1,March,20,1.18,Co,BYRD,3.25,1.25,0.0180759803921568
2024,Qtr 1,March,20,1.19,Co,BI,3.25,1.25,0.0074669009223818
2024,Qtr 1,March,20,1.2,I,DAF 2,6.5,2.5,0.0613496932515337
2024,Qtr 1,March,20,1.21,Co,GL ORGANIC,3.25,1.25,0.0064938549884613
2024,Qtr 1,March,20,1.24,Co,BALBOA,3.25,1.25,0.0075924565270634
2024,Qtr 1,March,20,1.24,Co,BRS-250,3.25,1.25,0.0049223929181056
2024,Qtr 1,March,20,1.27,Co,RCH,3.25,1.25,0.0126847782660807
2024,Qtr 1,March,20,1.28,Co,TOP,3.25,1.25,0.0170666666666666
2024,Qtr 1,March,20,1.28,Se,BRS-250,2,1,0.0050811797864316
2024,Qtr 1,March,20,1.29,Co,BALBOA,3.25,1.25,0.0078986039676708
2024,Qtr 1,March,20,1.31,Co,505 NORTH,3.25,1.25,0.0036355562956179
2024,Qtr 1,March,20,1.31,Co,GOODMAN,3.25,1.25,0.011391304347826
2024,Qtr 1,March,20,1.31,Cu,DAF,4,2,0.0060760667903525
2024,Qtr 1,March,20,1.33,Co,JK,3.25,1.25,0.0294117647058823
2024,Qtr 1,March,20,1.33,Co,SP 50,3.25,1.25,0.0260528893241919
2024,Qtr 1,March,20,1.35,Se,BYRD,2,1,0.0206801470588235
2024,Qtr 1,March,20,1.37,Co,BI,3.25,1.25,0.0085963481207253
2024,Qtr 1,March,20,1.41,Co,REYES,3.25,1.25,0.0306521739130434
2024,Qtr 1,March,20,1.45,Co,KF,3.25,1.25,0.0090196566310027
2024,Qtr 1,March,20,1.46,P,C&H3,800,400,0.0147504546373004
2024,Qtr 1,March,20,1.47,Cu,RCH,4,2,0.0146823811426288
2024,Qtr 1,March,20,1.53,I,WFP,6.5,2.5,0.0790289256198347
2024,Qtr 1,March,20,1.55,Cu,BRS-250,4,2,0.006152991147632
2024,Qtr 1,March,20,1.55,P,DAF,800,400,0.0071892393320964
2024,Qtr 1,March,20,1.56,Co,GOLF P,3.25,1.25,0.0143831827401807
2024,Qtr 1,March,20,1.56,Zn,505 SOUTH,20,10,0.0043293647489801
2024,Qtr 1,March,20,1.58,Cu,505 SOUTH,4,2,0.004384869425249
2024,Qtr 1,March,20,1.58,Cu,DAF,4,2,0.0073283858998144
2024,Qtr 1,March,20,1.63,Co,BRU-1A,3.25,1.25,0.0163
2024,Qtr 1,March,20,1.63,I,GJ,6.5,2.5,0.0934633027522935
2024,Qtr 1,March,20,1.64,Cu,GL ORGANIC,4,2,0.0088015885794021
2024,Qtr 1,March,20,1.65,Cu,MAZZ-HOME,4,2,0.1073519843851659
2024,Qtr 1,March,20,1.66,I,C&H2,6.5,2.5,0.0414999999999999
2024,Qtr 1,March,20,1.68,Zn,505 NORTH,20,10,0.0046623928065939
2024,Qtr 1,March,20,1.7,Cu,TERK,4,2,0.0077213062633419
2024,Qtr 1,March,20,1.72,P,JK,800,400,0.0380362671384343
2024,Qtr 1,March,20,1.79,I,GL RANCH,6.5,2.5,0.0096066119250791
2024,Qtr 1,March,20,1.8,Co,TERK,3.25,1.25,0.0081755007494209
2024,Qtr 1,March,20,1.87,Cu,GL RANCH,4,2,0.0100359577094402
2024,Qtr 1,March,20,1.88,Zn,JK,20,10,0.0415745245466607
2024,Qtr 1,March,20,1.93,Cu,TOP,4,2,0.0257333333333333
2024,Qtr 1,March,20,1.95,B,MAZZ-HOME,12,6,0.1268705270006506
2024,Qtr 1,March,20,1.97,Cu,BALBOA,4,2,0.0120622091599314
2024,Qtr 1,March,20,1.99,Cu,505 NORTH,4,2,0.005522715288763
2024,Qtr 1,March,20,1.99,Cu,GOODMAN,4,2,0.0173043478260869
2024,Qtr 1,March,20,1.99,Zn,DAF,20,10,0.009230055658627
2024,Qtr 1,March,20,1.99,Zn,JK,20,10,0.0440070765148164
2024,Qtr 1,March,20,2.02,Cu,DAF,4,2,0.009369202226345
2024,Qtr 1,March,20,2.02,Cu,GOLF P,4,2,0.0186243776507468
2024,Qtr 1,March,20,2.12,Cu,JK,4,2,0.0468819106590004
2024,Qtr 1,March,20,2.13,Cu,BALBOA,4,2,0.013041880969875
2024,Qtr 1,March,20,2.25,Co,GL RANCH,3.25,1.25,0.0120753501851553
2024,Qtr 1,March,20,2.27,Cu,REYES,4,2,0.0493478260869565
2024,Qtr 1,March,20,2.29,B,GOLF,12,6,0.0235620948657269
2024,Qtr 1,March,20,2.3,I,GOODMAN,6.5,2.5,0.0199999999999999
2024,Qtr 1,March,20,2.31,Zn,RCH,20,10,0.023072313224131
2024,Qtr 1,March,20,2.32,Zn,BALBOA,20,10,0.0142052412441831
2024,Qtr 1,March,20,2.33,Zn,GOODMAN,20,10,0.0202608695652173
2024,Qtr 1,March,20,2.36,Cu,DAF,4,2,0.0109461966604823
2024,Qtr 1,March,20,2.41,B,TERK,12,6,0.0109460871145024
2024,Qtr 1,March,20,2.46,Zn,DAF,20,10,0.0114100185528756
2024,Qtr 1,March,20,2.48,B,C&H3,12,6,0.0250555667811679
2024,Qtr 1,March,20,2.48,P,DAF 2,800,400,0.1267893660531697
2024,Qtr 1,March,20,2.49,I,GOLF,6.5,2.5,0.0256199197448297
2024,Qtr 1,March,20,2.5,Zn,BRS-250,20,10,0.0099241792703743
2024,Qtr 1,March,20,2.51,B,DAF 2,12,6,0.128323108384458
2024,Qtr 1,March,20,2.54,B,JK,12,6,0.0561698363555948
2024,Qtr 1,March,20,2.55,Zn,REYES,20,10,0.0554347826086956
2024,Qtr 1,March,20,2.58,Zn,C&H2,20,10,0.0645
2024,Qtr 1,March,20,2.61,Cu,KF,4,2,0.0162353819358049
2024,Qtr 1,March,20,2.61,I,DAF,6.5,2.5,0.0121057513914656
2024,Qtr 1,March,20,2.64,I,GL RANCH,6.5,2.5,0.0141684108839156
2024,Qtr 1,March,20,2.66,Cu,JK,4,2,0.0588235294117647
2024,Qtr 1,March,20,2.66,Zn,BALBOA,20,10,0.0162870438403134
2024,Qtr 1,March,20,2.68,B,505 SOUTH,12,6,0.0074376266200427
2024,Qtr 1,March,20,2.69,B,BALBOA,12,6,0.0164707323046779
2024,Qtr 1,March,20,2.69,I,BRS-250,6.5,2.5,0.0106784168949227
2024,Qtr 1,March,20,2.7,Cu,BYRD,4,2,0.041360294117647
2024,Qtr 1,March,20,2.73,B,GOLF P,12,6,0.0251705697953162
2024,Qtr 1,March,20,2.75,I,TERK,6.5,2.5,0.0124903483671708
2024,Qtr 1,March,20,2.76,B,BRS-250,12,6,0.0109562939144932
2024,Qtr 1,March,20,2.78,B,DAF,12,6,0.0128942486085343
2024,Qtr 1,March,20,2.78,B,JK,12,6,0.0614772224679345
2024,Qtr 1,March,20,2.84,B,GOODMAN,12,6,0.024695652173913
2024,Qtr 1,March,20,2.86,B,TERK,12,6,0.0129899623018576
2024,Qtr 1,March,20,2.86,I,SP 50,6.5,2.5,0.0560235063663075
2024,Qtr 1,March,20,2.92,I,DAF,6.5,2.5,0.0135435992578849
2024,Qtr 1,March,20,2.94,Zn,GL ORGANIC,20,10,0.0157784575752696
2024,Qtr 1,March,20,2.94,Zn,GOLF,20,10,0.0302500257228109
2024,Qtr 1,March,20,2.95,I,BI,6.5,2.5,0.0185103846395181
2024,Qtr 1,March,20,2.97,Zn,DAF,20,10,0.0137755102040816
2024,Qtr 1,March,20,2.97,Zn,GL RANCH,20,10,0.015939462244405
2024,Qtr 1,March,20,3.04,B,DAF,12,6,0.0141001855287569
2024,Qtr 1,March,20,3.05,B,BALBOA,12,6,0.0186749938770511
2024,Qtr 1,March,20,3.07,P,GOLF,800,400,0.0315876118942278
2024,Qtr 1,March,20,3.1,B,BRU-1A,12,6,0.031
2024,Qtr 1,March,20,3.11,B,C&H2,12,6,0.07775
2024,Qtr 1,March,20,3.15,I,BALBOA,6.5,2.5,0.0192872887582659
2024,Qtr 1,March,20,3.16,B,BI,12,6,0.0198280730375854
2024,Qtr 1,March,20,3.18,B,REYES,12,6,0.0691304347826087
2024,Qtr 1,March,20,3.19,Zn,BYRD,20,10,0.0488664215686274
2024,Qtr 1,March,20,3.21,I,C&H3,6.5,2.5,0.0324307940998181
2024,Qtr 1,March,20,3.22,B,GL ORGANIC,12,6,0.0172811678205334
2024,Qtr 1,March,20,3.24,B,BYRD,12,6,0.0496323529411764
2024,Qtr 1,March,20,3.24,B,WFP,12,6,0.1673553719008264
2024,Qtr 1,March,20,3.27,B,SP 50,12,6,0.0640548481880509
2024,Qtr 1,March,20,3.27,Zn,KF,20,10,0.0203408808161234
2024,Qtr 1,March,20,3.3,B,KF,12,6,0.0205274944015924
2024,Qtr 1,March,20,3.3,I,BRU-1A,6.5,2.5,0.033
2024,Qtr 1,March,20,3.34,I,505 SOUTH,6.5,2.5,0.0092692809369189
2024,Qtr 1,March,20,3.38,B,GJ,12,6,0.1938073394495412
2024,Qtr 1,March,20,3.41,B,GL RANCH,12,6,0.018300864058391
2024,Qtr 1,March,20,3.43,B,RCH,12,6,0.0342588893328006
2024,Qtr 1,March,20,3.43,I,GOLF P,6.5,2.5,0.0316245620505255
2024,Qtr 1,March,20,3.45,B,505 NORTH,12,6,0.0095745566563983
2024,Qtr 1,March,20,3.45,B,DAF,12,6,0.0160018552875695
2024,Qtr 1,March,20,3.47,B,TOP,12,6,0.0462666666666666
2024,Qtr 1,March,20,3.56,B,BI,12,6,0.0223379557005709
2024,Qtr 1,March,20,3.61,P,DAF,800,400,0.0167439703153988
2024,Qtr 1,March,20,3.63,I,DAF,6.5,2.5,0.0168367346938775
2024,Qtr 1,March,20,3.64,B,DAF,12,6,0.0168831168831168
2024,Qtr 1,March,20,3.64,I,BYRD,6.5,2.5,0.0557598039215686
2024,Qtr 1,March,20,3.65,Zn,BRU-1A,20,10,0.0365
2024,Qtr 1,March,20,3.68,I,505 NORTH,6.5,2.5,0.0102128604334915
2024,Qtr 1,March,20,3.68,I,DAF,6.5,2.5,0.0170686456400742
2024,Qtr 1,March,20,3.71,Cu,GJ,4,2,0.2127293577981651
2024,Qtr 1,March,20,3.85,B,GL RANCH,12,6,0.0206622658723769
2024,Qtr 1,March,20,3.92,I,JK,6.5,2.5,0.0866873065015479
2024,Qtr 1,March,20,4.04,I,RCH,6.5,2.5,0.0403515781062724
2024,Qtr 1,March,20,4.05,I,TOP,6.5,2.5,0.054
2024,Qtr 1,March,20,4.11,I,JK,6.5,2.5,0.0908889871738169
2024,Qtr 1,March,20,4.22,Zn,GOLF P,20,10,0.038908353309976
2024,Qtr 1,March,20,4.23,I,TERK,6.5,2.5,0.0192124267611391
2024,Qtr 1,March,20,4.47,I,BALBOA,6.5,2.5,0.0273695811903012
2024,Qtr 1,March,20,4.48,Zn,GL RANCH,20,10,0.0240433639242204
2024,Qtr 1,March,20,4.51,Zn,GJ,20,10,0.2586009174311926
2024,Qtr 1,March,20,4.57,Zn,MAZZ-HOME,20,10,0.2973324658425504
2024,Qtr 1,March,20,4.59,P,GL RANCH,800,400,0.0246337143777169
2024,Qtr 1,March,20,4.66,Cu,DAF 2,4,2,0.238241308793456
2024,Qtr 1,March,20,4.75,I,MAZZ-HOME,6.5,2.5,0.3090435914118413
2024,Qtr 1,March,20,4.81,S,TOP,700,300,0.0641333333333333
2024,Qtr 1,March,20,4.86,P,GL ORGANIC,800,400,0.0260827563999355
2024,Qtr 1,March,20,4.87,P,BRS-250,800,400,0.0193323012186892
2024,Qtr 1,March,20,4.92,Zn,DAF 2,20,10,0.2515337423312883
2024,Qtr 1,March,20,5.01,Zn,BI,20,10,0.0314362803538934
2024,Qtr 1,March,20,5.1,I,REYES,6.5,2.5,0.1108695652173913
2024,Qtr 1,March,20,5.13,Zn,DAF,20,10,0.0237940630797773
2024,Qtr 1,March,20,5.2,Cu,WFP,4,2,0.268595041322314
2024,Qtr 1,March,20,5.45,P,BI,800,400,0.0341971512831775
2024,Qtr 1,March,20,5.51,Cu,BI,4,2,0.0345736336826253
2024,Qtr 1,March,20,5.64,I,GL ORGANIC,6.5,2.5,0.0302688777974561
2024,Qtr 1,March,20,5.67,I,KF,6.5,2.5,0.0352699676536451
2024,Qtr 1,March,20,5.7,Cl,DAF,4000,2000,0.0264378478664192
2024,Qtr 1,March,20,5.7,Cu,GL RANCH,4,2,0.0305908871357269
2024,Qtr 1,March,20,5.74,Cu,TERK,4,2,0.0260707635009311
2024,Qtr 1,March,20,5.75,Zn,TERK,20,10,0.0261161829495389
2024,Qtr 1,March,20,5.93,Zn,TERK,20,10,0.026933733024481
2024,Qtr 1,March,20,6.1,S,WFP,700,300,0.3150826446280991
2024,Qtr 1,March,20,6.18,P,WFP,800,400,0.3192148760330578
2024,Qtr 1,March,20,6.27,S,C&H2,700,300,0.15675
2024,Qtr 1,March,20,6.37,S,BALBOA,700,300,0.0390031839333823
2024,Qtr 1,March,20,6.67,P,C&H2,800,400,0.16675
2024,Qtr 1,March,20,6.74,I,BI,6.5,2.5,0.0422915228713057
2024,Qtr 1,March,20,7.13,P,KF,800,400,0.0443518288131375
2024,Qtr 1,March,20,7.83,S,BYRD,700,300,0.1199448529411764
2024,Qtr 1,March,20,8.02,S,BI,700,300,0.0503231473928593
2024,Qtr 1,March,20,8.1,S,REYES,700,300,0.1760869565217391
2024,Qtr 1,March,20,8.2,S,C&H3,700,300,0.0828450191957971
2024,Qtr 1,March,20,8.21,S,GL RANCH,700,300,0.0440616111200558
2024,Qtr 1,March,20,8.26,Cu,BRU-1A,4,2,0.0825999999999999
2024,Qtr 1,March,20,8.39,S,BALBOA,700,300,0.0513715405339211
2024,Qtr 1,March,20,8.54,S,JK,700,300,0.1888544891640866
2024,Qtr 1,March,20,8.66,Cu,SP 50,4,2,0.169637610186092
2024,Qtr 1,March,20,9.03,S,KF,700,300,0.0561706892261756
2024,Qtr 1,March,20,9.07,Zn,BI,20,10,0.0569115893831963
2024,Qtr 1,March,20,9.26,S,505 NORTH,700,300,0.0256986651125357
2024,Qtr 1,March,20,9.33,S,JK,700,300,0.2063246351172047
2024,Qtr 1,March,20,9.38,S,GOLF P,700,300,0.0864834962198045
2024,Qtr 1,March,20,9.52,S,SP 50,700,300,0.1864838393731635
2024,Qtr 1,March,20,9.53,S,DAF,700,300,0.0442022263450834
2024,Qtr 1,March,20,9.78,S,DAF,700,300,0.0453617810760667
2024,Qtr 1,March,20,9.78,S,GOODMAN,700,300,0.0850434782608695
2024,Qtr 1,March,20,9.86,P,MAZZ-HOME,800,400,0.6415094339622641
2024,Qtr 1,March,20,10.19,S,RCH,700,300,0.1017778665601278
2024,Qtr 1,March,20,10.22,S,GL ORGANIC,700,300,0.0548489239521279
2024,Qtr 1,March,20,10.25,S,TERK,700,300,0.0465549348230912
2024,Qtr 1,March,20,10.39,S,MAZZ-HOME,700,300,0.6759921925829538
2024,Qtr 1,March,20,10.8,S,GJ,700,300,0.6192660550458715
2024,Qtr 1,March,20,11.11,S,DAF,700,300,0.0515306122448979
2024,Qtr 1,March,20,11.19,S,DAF 2,700,300,0.5720858895705522
2024,Qtr 1,March,20,11.29,S,TERK,700,300,0.0512785574783122
2024,Qtr 1,March,20,11.44,S,BRS-250,700,300,0.0454130443412329
2024,Qtr 1,March,20,11.53,P,GL RANCH,800,400,0.0618794611710406
2024,Qtr 1,March,20,11.53,Zn,WFP,20,10,0.5955578512396694
2024,Qtr 1,March,20,12.14,S,GL RANCH,700,300,0.0651532227767938
2024,Qtr 1,March,20,12.53,S,GOLF,700,300,0.1289227286757897
2024,Qtr 1,March,20,12.74,Mn,GJ,40,15,0.7305045871559632
2024,Qtr 1,March,20,12.78,P,505 SOUTH,800,400,0.0354674881358754
2024,Qtr 1,March,20,13.16,S,DAF,700,300,0.061038961038961
2024,Qtr 1,March,20,14.02,Cu,C&H2,4,2,0.3505
2024,Qtr 1,March,20,14.36,Mn,C&H3,40,15,0.1450798141038593
2024,Qtr 1,March,20,15.54,P,BYRD,800,400,0.2380514705882352
2024,Qtr 1,March,20,15.75,S,505 SOUTH,700,300,0.0437099325618183
2024,Qtr 1,March,20,16.33,P,BALBOA,800,400,0.0999877541023757
2024,Qtr 1,March,20,17.34,P,GOLF P,800,400,0.1598746081504702
2024,Qtr 1,March,20,17.63,P,RCH,800,400,0.1760886935677187
2024,Qtr 1,March,20,18.27,P,TERK,800,400,0.0829813326066221
2024,Qtr 1,March,20,18.56,Zn,SP 50,20,10,0.3635651322233105
2024,Qtr 1,March,20,18.77,Mn,GOLF,40,15,0.1931268649037966
2024,Qtr 1,March,20,18.8,P,REYES,800,400,0.408695652173913
2024,Qtr 1,March,20,18.98,S,BRU-1A,700,300,0.1898
2024,Qtr 1,March,20,19.97,Cl,REYES,4000,2000,0.4341304347826086
2024,Qtr 1,March,20,21.41,P,BI,800,400,0.1343414695362991
2024,Qtr 1,March,20,22.2,Mn,WFP,40,15,1.146694214876033
2024,Qtr 1,March,20,23.87,Mn,MAZZ-HOME,40,15,1.5530253741054003
2024,Qtr 1,March,20,25.21,P,DAF,800,400,0.1169294990723562
2024,Qtr 1,March,20,26.08,Fe,C&H3,65,25,0.2634875732471206
2024,Qtr 1,March,20,26.19,Mn,505 SOUTH,40,15,0.0726833735742236
2024,Qtr 1,March,20,27.28,Mn,DAF,40,15,0.1265306122448979
2024,Qtr 1,March,20,28.04,Mn,DAF,40,15,0.1300556586270872
2024,Qtr 1,March,20,29.44,P,DAF,800,400,0.1365491651205937
2024,Qtr 1,March,20,30.51,Cl,WFP,4000,2000,1.5759297520661155
2024,Qtr 1,March,20,30.71,P,TERK,800,400,0.1394831266748421
2024,Qtr 1,March,20,30.72,Mn,DAF 2,40,15,1.5705521472392638
2024,Qtr 1,March,20,31.29,Mn,TERK,40,15,0.1421174546941
2024,Qtr 1,March,20,31.61,P,BRU-1A,800,400,0.3161
2024,Qtr 1,March,20,31.71,Mn,GL RANCH,40,15,0.170181935276123
2024,Qtr 1,March,20,31.84,Fe,MAZZ-HOME,65,25,2.0715679895901107
2024,Qtr 1,March,20,32.72,Mn,DAF,40,15,0.1517625231910946
2024,Qtr 1,March,20,33.39,Mn,RCH,40,15,0.3334998002397123
2024,Qtr 1,March,20,33.69,Mn,DAF,40,15,0.1562615955473098
2024,Qtr 1,March,20,33.78,Mn,TOP,40,15,0.4504
2024,Qtr 1,March,20,33.89,Na,WFP,80,40,1.75051652892562
2024,Qtr 1,March,20,34.28,Na,BI,80,40,0.2150969442178578
2024,Qtr 1,March,20,34.79,Fe,DAF 2,65,25,1.7786298568507155
2024,Qtr 1,March,20,35.92,P,BALBOA,800,400,0.2199363213323537
2024,Qtr 1,March,20,36.12,P,GJ,800,400,2.0711009174311923
2024,Qtr 1,March,20,36.37,Mn,BRS-250,40,15,0.1443769600254059
2024,Qtr 1,March,20,36.44,Na,DAF 2,80,40,1.8629856850715747
2024,Qtr 1,March,20,37.75,Cl,BALBOA,4000,2000,0.2311413176585844
2024,Qtr 1,March,20,38.59,Mn,BALBOA,40,15,0.2362845946607886
2024,Qtr 1,March,20,38.86,S,BI,700,300,0.2438351007090418
2024,Qtr 1,March,20,39.34,Mn,BYRD,40,15,0.6026348039215687
2024,Qtr 1,March,20,39.73,Fe,JK,65,25,0.8785935426802299
2024,Qtr 1,March,20,39.76,Fe,GOLF,65,25,0.4090955859656343
2024,Qtr 1,March,20,40.26,Cl,BRS-250,4000,2000,0.1598189829701083
2024,Qtr 1,March,20,40.37,Fe,DAF,65,25,0.1872448979591836
2024,Qtr 1,March,20,40.64,Fe,BYRD,65,25,0.6225490196078431
2024,Qtr 1,March,20,41,Na,C&H3,80,40,0.4142250959789856
2024,Qtr 1,March,20,41.4,Mn,BALBOA,40,15,0.2534900808229243
2024,Qtr 1,March,20,41.47,Na,TERK,80,40,0.188354453376936
2024,Qtr 1,March,20,41.9,Mn,505 NORTH,40,15,0.116282296783504
2024,Qtr 1,March,20,41.92,P,505 NORTH,800,400,0.116337801459773
2024,Qtr 1,March,20,42.29,Mn,C&H2,40,15,1.05725
2024,Qtr 1,March,20,42.3,Fe,WFP,65,25,2.184917355371901
2024,Qtr 1,March,20,42.3,Na,GL ORGANIC,80,40,0.2270165834809209
2024,Qtr 1,March,20,42.69,Fe,DAF,65,25,0.1980055658627087
2024,Qtr 1,March,20,42.92,Fe,BRS-250,65,25,0.1703783097137866
2024,Qtr 1,March,20,43.37,Mn,GL ORGANIC,40,15,0.2327590833467503
2024,Qtr 1,March,20,43.59,Fe,GOODMAN,65,25,0.3790434782608696
2024,Qtr 1,March,20,43.88,Mn,SP 50,40,15,0.8595494613124389
2024,Qtr 1,March,20,44.08,Na,BRU-1A,80,40,0.4407999999999999
2024,Qtr 1,March,20,44.48,Mn,GOODMAN,40,15,0.3867826086956521
2024,Qtr 1,March,20,45.24,Fe,BALBOA,65,25,0.2770022042615724
2024,Qtr 1,March,20,45.5,Fe,JK,65,25,1.0061919504643964
2024,Qtr 1,March,20,45.96,Mn,JK,40,15,1.0163644405130474
2024,Qtr 1,March,20,46.21,Cl,DAF,4000,2000,0.2143320964749536
2024,Qtr 1,March,20,46.21,Mn,GOLF P,40,15,0.4260556887331735
2024,Qtr 1,March,20,46.49,Na,RCH,80,40,0.4643427886536156
2024,Qtr 1,March,20,46.61,Fe,505 NORTH,65,25,0.1293536480448477
2024,Qtr 1,March,20,47.09,Mn,JK,40,15,1.0413533834586468
2024,Qtr 1,March,20,47.23,Fe,505 SOUTH,65,25,0.131074293009186
2024,Qtr 1,March,20,47.64,Cl,MAZZ-HOME,4000,2000,3.099544567338972
2024,Qtr 1,March,20,47.73,Mn,KF,40,15,0.2969022144812142
2024,Qtr 1,March,20,47.75,Cl,505 SOUTH,4000,2000,0.1325174145921794
2024,Qtr 1,March,20,47.99,Fe,TERK,65,25,0.2179679338692828
2024,Qtr 1,March,20,48.11,Mn,BI,40,15,0.3018761372905816
2024,Qtr 1,March,20,48.43,Na,505 SOUTH,80,40,0.1344045735853245
2024,Qtr 1,March,20,48.56,Fe,BALBOA,65,25,0.2973303943179035
2024,Qtr 1,March,20,49.1,Cl,TOP,4000,2000,0.6546666666666667
2024,Qtr 1,March,20,49.59,Fe,GL RANCH,65,25,0.2661407180808243
2024,Qtr 1,March,20,49.66,Fe,REYES,65,25,1.0795652173913042
2024,Qtr 1,March,20,49.74,Na,505 NORTH,80,40,0.1380401298809424
2024,Qtr 1,March,20,49.95,Na,GL RANCH,80,40,0.2680727741104492
2024,Qtr 1,March,20,50.79,Mn,REYES,40,15,1.1041304347826086
2024,Qtr 1,March,20,51.47,Na,MAZZ-HOME,80,40,3.3487312947299936
2024,Qtr 1,March,20,51.8,P,GOODMAN,800,400,0.4504347826086956
2024,Qtr 1,March,20,53.48,Cl,GL ORGANIC,4000,2000,0.2870176568453818
2024,Qtr 1,March,20,53.59,Cl,SP 50,4000,2000,1.04975514201763
2024,Qtr 1,March,20,54.44,Na,GJ,80,40,3.1215596330275224
2024,Qtr 1,March,20,55.52,Na,JK,80,40,1.2277753206545776
2024,Qtr 1,March,20,55.61,Na,JK,80,40,1.229765590446705
2024,Qtr 1,March,20,55.73,Na,REYES,80,40,1.2115217391304347
2024,Qtr 1,March,20,56.4,Fe,C&H2,65,25,1.41
2024,Qtr 1,March,20,56.78,Na,BYRD,80,40,0.8697916666666666
2024,Qtr 1,March,20,56.97,K,GOLF,10000,6000,0.5861714168124292
2024,Qtr 1,March,20,57.09,Fe,TOP,65,25,0.7612000000000001
2024,Qtr 1,March,20,57.93,Na,C&H2,80,40,1.44825
2024,Qtr 1,March,20,58.25,Cl,JK,4000,2000,1.2881468376824414
2024,Qtr 1,March,20,58.81,Cl,BRU-1A,4000,2000,0.5881000000000001
2024,Qtr 1,March,20,59.19,Cl,TERK,4000,2000,0.268837716310124
2024,Qtr 1,March,20,59.44,K,JK,10000,6000,1.3144626271561255
2024,Qtr 1,March,20,59.48,Na,DAF,80,40,0.2758812615955473
2024,Qtr 1,March,20,59.96,Na,GOLF,80,40,0.616935898755016
2024,Qtr 1,March,20,59.99,Cl,GL RANCH,4000,2000,0.3219556700477647
2024,Qtr 1,March,20,60.06,Cl,DAF,4000,2000,0.2785714285714286
2024,Qtr 1,March,20,60.41,Mn,BI,40,15,0.3790550291773859
2024,Qtr 1,March,20,60.44,Na,SP 50,80,40,1.1839373163565132
2024,Qtr 1,March,20,61.25,Fe,DAF,65,25,0.2840909090909091
2024,Qtr 1,March,20,61.49,Cl,505 NORTH,4000,2000,0.1706491271889657
2024,Qtr 1,March,20,61.72,Fe,BI,65,25,0.3872748948986634
2024,Qtr 1,March,20,62.54,Cl,C&H3,4000,2000,0.6318448171347747
2024,Qtr 1,March,20,63.14,Cl,GJ,4000,2000,3.620412844036697
2024,Qtr 1,March,20,63.37,Cl,GOODMAN,4000,2000,0.5510434782608695
2024,Qtr 1,March,20,63.74,Fe,GL ORGANIC,65,25,0.3420812536896903
2024,Qtr 1,March,20,63.8,Na,BRS-250,80,40,0.2532650549799531
2024,Qtr 1,March,20,64.17,P,SP 50,800,400,1.2570029382957886
2024,Qtr 1,March,20,64.49,Cl,GOLF P,4000,2000,0.5945970864834962
2024,Qtr 1,March,20,64.94,Na,DAF,80,40,0.30120593692022263
2024,Qtr 1,March,20,65.18,Fe,KF,65,25,0.4054491166956955
2024,Qtr 1,March,20,65.76,K,JK,10000,6000,1.4542237947810706
2024,Qtr 1,March,20,66.45,Na,DAF,80,40,0.3082096474953618
2024,Qtr 1,March,20,66.51,Fe,GL RANCH,65,25,0.3569473514731927
2024,Qtr 1,March,20,68.72,Na,GL RANCH,80,40,0.3688080287661675
2024,Qtr 1,March,20,69.41,Cl,BYRD,4000,2000,1.063265931372549
2024,Qtr 1,March,20,72.21,Cl,BALBOA,4000,2000,0.442138133725202
2024,Qtr 1,March,20,72.8,Cl,TERK,4000,2000,0.3306535858654676
2024,Qtr 1,March,20,72.86,Mn,BRU-1A,40,15,0.7286
2024,Qtr 1,March,20,73.04,Fe,DAF,65,25,0.3387755102040817
2024,Qtr 1,March,20,73.08,Na,DAF,80,40,0.3389610389610389
2024,Qtr 1,March,20,73.58,K,C&H2,10000,6000,1.8395
2024,Qtr 1,March,20,74.6,K,DAF 2,10000,6000,3.813905930470348
2024,Qtr 1,March,20,75.19,Mn,TERK,40,15,0.3415088340827542
2024,Qtr 1,March,20,77.4,Na,KF,80,40,0.4814630505100772
2024,Qtr 1,March,20,77.74,Cl,BI,4000,2000,0.4877956955512329
2024,Qtr 1,March,20,78.04,Na,TERK,80,40,0.354453376936004
2024,Qtr 1,March,20,79.56,Mn,GL RANCH,40,15,0.4269843825470938
2024,Qtr 1,March,20,80.22,Na,GOLF P,80,40,0.7396275124469851
2024,Qtr 1,March,20,81.29,Cl,GOLF,4000,2000,0.8364029221113284
2024,Qtr 1,March,20,83.31,Fe,RCH,65,25,0.8321014782261287
2024,Qtr 1,March,20,84.34,Cl,JK,4000,2000,1.8651039363113668
2024,Qtr 1,March,20,85.92,Cl,KF,4000,2000,0.5344613087832795
2024,Qtr 1,March,20,86.46,Fe,BI,65,25,0.5425111376043169
2024,Qtr 1,March,20,86.52,Fe,GOLF P,65,25,0.7977134427438687
2024,Qtr 1,March,20,86.52,K,DAF,10000,6000,0.4012987012987012
2024,Qtr 1,March,20,86.64,Cl,DAF,4000,2000,0.4018552875695733
2024,Qtr 1,March,20,88.92,K,GL ORGANIC,10000,6000,0.4772178393173402
2024,Qtr 1,March,20,89.08,Fe,GJ,65,25,5.107798165137615
2024,Qtr 1,March,20,90.82,Na,BALBOA,80,40,0.556086211119275
2024,Qtr 1,March,20,93.32,Fe,TERK,65,25,0.4238542944088658
2024,Qtr 1,March,20,94.69,K,DAF,10000,6000,0.4391929499072356
2024,Qtr 1,March,20,96.63,Fe,SP 50,65,25,1.8928501469147891
2024,Qtr 1,March,20,96.88,Cl,RCH,4000,2000,0.96763883339992
2024,Qtr 1,March,20,99.63,Si,GOLF,100,40,1.025105463525054
2024,Qtr 1,March,20,103.32,Cl,GL RANCH,4000,2000,0.5545000805023345
2024,Qtr 1,March,20,107.7,Si,WFP,100,40,5.56301652892562
2024,Qtr 1,March,20,108.58,Al,GOLF,8,4,1.1171931268649038
2024,Qtr 1,March,20,112.26,Na,TOP,80,40,1.4968
2024,Qtr 1,March,20,113.3,K,BALBOA,10000,6000,0.6937301004163605
2024,Qtr 1,March,20,113.68,Al,C&H3,8,4,1.1485148514851486
2024,Qtr 1,March,20,116.25,Al,DAF 2,8,4,5.943251533742331
2024,Qtr 1,March,20,116.96,Si,GJ,100,40,6.706422018348623
2024,Qtr 1,March,20,117.92,Cl,BI,4000,2000,0.739913409048127
2024,Qtr 1,March,20,121.96,Al,WFP,8,4,6.299586776859504
2024,Qtr 1,March,20,128.79,Si,C&H3,100,40,1.3011719539300868
2024,Qtr 1,March,20,132.06,K,WFP,10000,6000,6.821280991735538
2024,Qtr 1,March,20,133.86,K,GJ,10000,6000,7.67545871559633
2024,Qtr 1,March,20,137.22,K,505 SOUTH,10000,6000,0.380817583881442
2024,Qtr 1,March,20,140.86,K,GL RANCH,10000,6000,0.7559705898137713
2024,Qtr 1,March,20,143.35,Si,DAF 2,100,40,7.328732106339468
2024,Qtr 1,March,20,144.19,Na,BALBOA,80,40,0.8828679892236101
2024,Qtr 1,March,20,148.58,Fe,BRU-1A,65,25,1.4858000000000002
2024,Qtr 1,March,20,149.1,Al,DAF,8,4,0.6915584415584416
2024,Qtr 1,March,20,149.12,K,BI,10000,6000,0.9356842567609964
2024,Qtr 1,March,20,149.84,Al,DAF,8,4,0.6949907235621522
2024,Qtr 1,March,20,149.96,Na,BI,80,40,0.940955010353266
2024,Qtr 1,March,20,149.98,Si,GL RANCH,100,40,0.8049160092309342
2024,Qtr 1,March,20,150.48,Al,REYES,8,4,3.271304347826087
2024,Qtr 1,March,20,150.65,K,REYES,10000,6000,3.275
2024,Qtr 1,March,20,150.78,Si,MAZZ-HOME,100,40,9.810019518542616
2024,Qtr 1,March,20,151.18,Al,GL RANCH,8,4,0.8113561959963506
2024,Qtr 1,March,20,151.52,Al,BALBOA,8,4,0.9277492040166544
2024,Qtr 1,March,20,152.38,K,C&H3,10000,6000,1.539502929884825
2024,Qtr 1,March,20,152.87,Al,BALBOA,8,4,0.9360151849130542
2024,Qtr 1,March,20,154.6,Al,GL ORGANIC,8,4,0.8297107282777867
2024,Qtr 1,March,20,155.02,Al,MAZZ-HOME,8,4,10.085881587508132
2024,Qtr 1,March,20,155.57,Al,GOODMAN,8,4,1.352782608695652
2024,Qtr 1,March,20,156.96,K,DAF,10000,6000,0.7280148423005567
2024,Qtr 1,March,20,158.23,Al,TERK,8,4,0.7186719353227051
2024,Qtr 1,March,20,158.79,K,DAF,10000,6000,0.7365027829313543
2024,Qtr 1,March,20,161.26,K,TOP,10000,6000,2.150133333333333
2024,Qtr 1,March,20,161.96,Si,505 SOUTH,100,40,0.4494768684261649
2024,Qtr 1,March,20,164.25,K,RCH,10000,6000,1.6405313623651618
2024,Qtr 1,March,20,164.42,Si,DAF,100,40,0.7626159554730982
2024,Qtr 1,March,20,166.71,Si,DAF,100,40,0.7732374768089054
2024,Qtr 1,March,20,173.47,K,BALBOA,10000,6000,1.0621479304433017
2024,Qtr 1,March,20,174.01,Si,TERK,100,40,0.7903438252259618
2024,Qtr 1,March,20,174.16,Al,JK,8,4,3.851393188854489
2024,Qtr 1,March,20,175.24,Al,BRS-250,8,4,0.6956452701361597
2024,Qtr 1,March,20,175.92,Al,BYRD,8,4,2.6948529411764706
2024,Qtr 1,March,20,179.47,Na,GOODMAN,80,40,1.560608695652174
2024,Qtr 1,March,20,181.25,Al,JK,8,4,4.008182220256524
2024,Qtr 1,March,20,182.41,Si,BALBOA,100,40,1.116887092823904
2024,Qtr 1,March,20,187.3,Si,BRS-250,100,40,0.7435195109364456
2024,Qtr 1,March,20,189.17,Si,BALBOA,100,40,1.158278226794024
2024,Qtr 1,March,20,189.4,Si,JK,100,40,4.188412206988058
2024,Qtr 1,March,20,190.03,Si,DAF,100,40,0.8814007421150278
2024,Qtr 1,March,20,190.64,Al,505 SOUTH,8,4,0.529070574195876
2024,Qtr 1,March,20,192.57,Si,BYRD,100,40,2.949908088235294
2024,Qtr 1,March,20,195.14,K,TERK,10000,6000,0.8863151201344416
2024,Qtr 1,March,20,196.35,Si,GL ORGANIC,100,40,1.053775559491225
2024,Qtr 1,March,20,197.35,Cl,C&H2,4000,2000,4.93375
2024,Qtr 1,March,20,197.63,Si,C&H2,100,40,4.94075
2024,Qtr 1,March,20,200.44,Si,RCH,100,40,2.001997602876548
2024,Qtr 1,March,20,204.59,Si,REYES,100,40,4.447608695652174
2024,Qtr 1,March,20,206.67,Si,GOODMAN,100,40,1.7971304347826085
2024,Qtr 1,March,20,207.37,Al,DAF,8,4,0.9618274582560298
2024,Qtr 1,March,20,209.72,K,BRS-250,10000,6000,0.8325195506331626
2024,Qtr 1,March,20,214.5,Si,DAF,100,40,0.9948979591836736
2024,Qtr 1,March,20,215.38,Al,C&H2,8,4,5.3845
2024,Qtr 1,March,20,217.4,Al,GJ,8,4,12.465596330275227
2024,Qtr 1,March,20,217.94,K,TERK,10000,6000,0.9898714629604396
2024,Qtr 1,March,20,219.63,Si,SP 50,100,40,4.302252693437806
2024,Qtr 1,March,20,222.42,K,BI,10000,6000,1.3956202547530905
2024,Qtr 1,March,20,222.87,Al,505 NORTH,8,4,0.6185163600033303
2024,Qtr 1,March,20,224.14,Mg,BRU-1A,2000,1000,2.2414
2024,Qtr 1,March,20,224.82,Si,JK,100,40,4.9716939407341885
2024,Qtr 1,March,20,225.18,Al,DAF,8,4,1.0444341372912802
2024,Qtr 1,March,20,225.7,K,505 NORTH,10000,6000,0.6263702716953903
2024,Qtr 1,March,20,227.15,Si,BRU-1A,100,40,2.2715
2024,Qtr 1,March,20,230.12,Si,BI,100,40,1.4439354960155613
2024,Qtr 1,March,20,230.41,Al,KF,8,4,1.43325454093058
2024,Qtr 1,March,20,231.67,Al,GL RANCH,8,4,1.243331723286642
2024,Qtr 1,March,20,235.8,K,MAZZ-HOME,10000,6000,15.341574495770985
2024,Qtr 1,March,20,236.98,Mg,WFP,2000,1000,12.240702479338845
2024,Qtr 1,March,20,241.23,Si,505 NORTH,100,40,0.66946965281825
2024,Qtr 1,March,20,249.25,Al,TOP,8,4,3.3233333333333333
2024,Qtr 1,March,20,251.32,Al,RCH,8,4,2.510187774670396
2024,Qtr 1,March,20,258.18,Al,GOLF P,8,4,2.380416743499908
2024,Qtr 1,March,20,262.42,Al,SP 50,8,4,5.140450538687562
2024,Qtr 1,March,20,265.37,Si,TERK,100,40,1.2052959077076806
2024,Qtr 1,March,20,267.94,Si,GOLF P,100,40,2.470403835515397
2024,Qtr 1,March,20,274.65,K,BRU-1A,10000,6000,2.7465
2024,Qtr 1,March,20,280.08,Si,BI,100,40,1.7574198406224508
2024,Qtr 1,March,20,282.59,Si,KF,100,40,1.7578377705896988
2024,Qtr 1,March,20,284.22,K,GOLF P,10000,6000,2.620505255393694
2024,Qtr 1,March,20,288.8,Al,TERK,8,4,1.311713675795976
2024,Qtr 1,March,20,289,Mg,BI,2000,1000,1.813390224007028
2024,Qtr 1,March,20,296.82,K,BYRD,10000,6000,4.546875
2024,Qtr 1,March,20,297.8,Si,GL RANCH,100,40,1.5982396822841196
2024,Qtr 1,March,20,299.61,Mg,GOLF,2000,1000,3.0827245601399325
2024,Qtr 1,March,20,301.86,Mg,C&H2,2000,1000,7.5465
2024,Qtr 1,March,20,306.83,Mg,DAF 2,2000,1000,15.686605316973417
2024,Qtr 1,March,20,309.74,Si,TOP,100,40,4.129866666666667
2024,Qtr 1,March,20,316.91,Al,BI,8,4,1.9885172868168413
2024,Qtr 1,March,20,323.36,K,SP 50,10000,6000,6.334182174338884
2024,Qtr 1,March,20,351.15,Mg,GL ORGANIC,2000,1000,1.8845596522299144
2024,Qtr 1,March,20,351.78,K,GL RANCH,10000,6000,1.887940750281758
2024,Qtr 1,March,20,352.66,K,GOODMAN,10000,6000,3.066608695652174
2024,Qtr 1,March,20,353.69,Al,BI,8,4,2.219300997678358
2024,Qtr 1,March,20,356.92,K,KF,10000,6000,2.2202040308534463
2024,Qtr 1,March,20,369.98,Mg,GJ,2000,1000,21.2144495412844
2024,Qtr 1,March,20,377.14,Mg,DAF,2000,1000,1.7492578849721707
2024,Qtr 1,March,20,388.23,Mg,DAF,2000,1000,1.8006957328385902
2024,Qtr 1,March,20,404.72,Al,BRU-1A,8,4,4.0472
2024,Qtr 1,March,20,419.99,Mg,JK,2000,1000,9.287704555506414
2024,Qtr 1,March,20,435.61,Mg,GL RANCH,2000,1000,2.3378414640691245
2024,Qtr 1,March,20,465.24,Mg,DAF,2000,1000,2.1578849721706868
2024,Qtr 1,March,20,481.83,Mg,RCH,2000,1000,4.812524970035956
2024,Qtr 1,March,20,482.79,Mg,JK,2000,1000,10.676470588235295
2024,Qtr 1,March,20,509.69,Mg,DAF,2000,1000,2.3640538033395178
2024,Qtr 1,March,20,560.73,Mg,BALBOA,2000,1000,3.433321087435709
2024,Qtr 1,March,20,570.47,Mg,505 SOUTH,2000,1000,1.5831876335581274
2024,Qtr 1,March,20,572.77,Mg,TERK,2000,1000,2.601489757914339
2024,Qtr 1,March,20,602.48,Cl,DAF 2,4000,2000,30.80163599182004
2024,Qtr 1,March,20,618.91,Mg,BRS-250,2000,1000,2.456869516890953
2024,Qtr 1,March,20,625,Mg,GL RANCH,2000,1000,3.354263940320936
2024,Qtr 1,March,20,627.08,Mg,MAZZ-HOME,2000,1000,40.79895901106051
2024,Qtr 1,March,20,633.64,Ca,BI,2500,1500,3.975905126435339
2024,Qtr 1,March,20,650.32,Mg,REYES,2000,1000,14.137391304347828
2024,Qtr 1,March,20,660.77,Mg,SP 50,2000,1000,12.9435847208619
2024,Qtr 1,March,20,675.42,Ca,C&H2,2500,1500,16.8855
2024,Qtr 1,March,20,688.29,Mg,BALBOA,2000,1000,4.214364437913299
2024,Qtr 1,March,20,699.1,Ca,JK,2500,1500,15.45997346306944
2024,Qtr 1,March,20,709.54,Ca,DAF 2,2500,1500,36.27505112474438
2024,Qtr 1,March,20,730.36,Mg,TERK,2000,1000,3.3172548485261397
2024,Qtr 1,March,20,742.3,Mg,C&H3,2000,1000,7.499494847443927
2024,Qtr 1,March,20,754.59,Ca,BRU-1A,2500,1500,7.5459
2024,Qtr 1,March,20,773.35,Ca,JK,2500,1500,17.101946041574525
2024,Qtr 1,March,20,789.04,Ca,GOLF,2500,1500,8.11853071303632
2024,Qtr 1,March,20,796.79,Ca,REYES,2500,1500,17.321521739130436
2024,Qtr 1,March,20,805.6,Mg,BI,2000,1000,5.054903683252808
2024,Qtr 1,March,20,812.18,Ca,GJ,2500,1500,46.56995412844036
2024,Qtr 1,March,20,816.9,Ca,DAF,2500,1500,3.788961038961039
2024,Qtr 1,March,20,824.02,Mg,KF,2000,1000,5.125777556606121
2024,Qtr 1,March,20,860.14,Mg,GOLF P,2000,1000,7.93048128342246
2024,Qtr 1,March,20,900.77,Ca,GL ORGANIC,2500,1500,4.834272527236623
2024,Qtr 1,March,20,945.09,Mg,BYRD,2000,1000,14.47748161764706
2024,Qtr 1,March,20,971.29,Ca,DAF,2500,1500,4.505055658627088
2024,Qtr 1,March,20,979.35,Ca,WFP,2500,1500,50.58626033057852
2024,Qtr 1,March,20,1025.9,Mg,GOODMAN,2000,1000,8.920869565217393
2024,Qtr 1,March,20,1057.17,Ca,C&H3,2500,1500,10.680642554051325
2024,Qtr 1,March,20,1079.26,Mg,505 NORTH,2000,1000,2.995198845502734
2024,Qtr 1,March,20,1146.15,Ca,RCH,2500,1500,11.447762684778269
2024,Qtr 1,March,20,1236.74,Ca,GL RANCH,2500,1500,6.637363816884022
2024,Qtr 1,March,20,1240.34,Mg,TOP,2000,1000,16.537866666666666
2024,Qtr 1,March,20,1265.86,Ca,GL RANCH,2500,1500,6.793645682391455
2024,Qtr 1,March,20,1282.22,Ca,MAZZ-HOME,2500,1500,83.42355237475603
2024,Qtr 1,March,20,1294.16,Ca,BYRD,2500,1500,19.824754901960784
2024,Qtr 1,March,20,1346.13,Ca,DAF,2500,1500,6.243645640074212
2024,Qtr 1,March,20,1406.71,Ca,505 SOUTH,2500,1500,3.903949157716538
2024,Qtr 1,March,20,1411.5,Ca,BALBOA,2500,1500,8.642542248346805
2024,Qtr 1,March,20,1479.28,Ca,505 NORTH,2500,1500,4.105347875558516
2024,Qtr 1,March,20,1597.17,Ca,BRS-250,2500,1500,6.340240562105515
2024,Qtr 1,March,20,1640.82,Ca,GOLF P,2500,1500,15.128342245989304
2024,Qtr 1,March,20,1659.35,Ca,BALBOA,2500,1500,10.160115111437667
2024,Qtr 1,March,20,1818.32,Ca,DAF,2500,1500,8.433766233766233
2024,Qtr 1,March,20,1823.9,Ca,KF,2500,1500,11.345483951231651
2024,Qtr 1,March,20,1836.16,Ca,GOODMAN,2500,1500,15.966608695652177
2024,Qtr 1,March,20,1841.21,Ca,SP 50,2500,1500,36.0667972575906
2024,Qtr 1,March,20,1903.39,Ca,TERK,2500,1500,8.645092428577918
2024,Qtr 1,March,20,2287.08,Ca,BI,2500,1500,14.350756102152223
2024,Qtr 1,March,20,2439.42,Ca,TOP,2500,1500,32.525600000000004
2024,Qtr 1,March,20,3489.85,Ca,TERK,2500,1500,15.850706272425851
2024,Qtr 4,October,7,0.14,Mo,GOLF,5.25,1.25,0.0014404774153719
2024,Qtr 4,October,7,0.2,Mo,RCH,5.25,1.25,0.0019976028765481
2024,Qtr 4,October,7,0.21,Mo,GJ,5.25,1.25,0.0120412844036697
2024,Qtr 4,October,7,0.23,Mo,C&H2,5.25,1.25,0.00575
2024,Qtr 4,October,7,0.23,Mo,DAF,5.25,1.25,0.0010667903525046
2024,Qtr 4,October,7,0.24,Mo,SP 50,5.25,1.25,0.0047012732615083
2024,Qtr 4,October,7,0.24,Mo,TERK,5.25,1.25,0.0010900667665894
2024,Qtr 4,October,7,0.25,Mo,BI,5.25,1.25,0.0015686766643659
2024,Qtr 4,October,7,0.25,Mo,KF,5.25,1.25,0.0015551132122418
2024,Qtr 4,October,7,0.26,Mo,GL RANCH,5.25,1.25,0.0013953737991735
2024,Qtr 4,October,7,0.26,Mo,GOLF P,5.25,1.25,0.0023971971233634
2024,Qtr 4,October,7,0.27,Mo,DAF,5.25,1.25,0.0012523191094619
2024,Qtr 4,October,7,0.27,Mo,GL RANCH,5.25,1.25,0.0014490420222186
2024,Qtr 4,October,7,0.28,Mo,DAF,5.25,1.25,0.0012987012987012
2024,Qtr 4,October,7,0.28,Mo,GL RANCH,5.25,1.25,0.0015027102452637
2024,Qtr 4,October,7,0.29,Se,GOLF P,2,1,0.0026737967914438
2024,Qtr 4,October,7,0.31,Mo,TERK,5.25,1.25,0.0014080029068447
2024,Qtr 4,October,7,0.32,Mo,DAF,5.25,1.25,0.0014842300556586
2024,Qtr 4,October,7,0.33,Mo,BRU-1A,5.25,1.25,0.0033
2024,Qtr 4,October,7,0.33,Mo,DAF 2,5.25,1.25,0.0168711656441717
2024,Qtr 4,October,7,0.34,Se,C&H2,2,1,0.0085
2024,Qtr 4,October,7,0.34,Se,RCH,2,1,0.0033959248901318
2024,Qtr 4,October,7,0.36,B,RCH,12,6,0.0035956851777866
2024,Qtr 4,October,7,0.38,Mo,BI,5.25,1.25,0.0023843885298362
2024,Qtr 4,October,7,0.44,Se,DAF,2,1,0.0020408163265306
2024,Qtr 4,October,7,0.49,B,BI,12,6,0.0030746062621572
2024,Qtr 4,October,7,0.55,B,GJ,12,6,0.0315366972477064
2024,Qtr 4,October,7,0.59,Se,DAF,2,1,0.0027365491651205
2024,Qtr 4,October,7,0.6,Se,GL RANCH,2,1,0.003220093382708
2024,Qtr 4,October,7,0.61,B,SP 50,12,6,0.0119490695396669
2024,Qtr 4,October,7,0.64,Se,DAF,2,1,0.0029684601113172
2024,Qtr 4,October,7,0.65,B,GOLF,12,6,0.006687930857084
2024,Qtr 4,October,7,0.66,B,BI,12,6,0.004141306393926
2024,Qtr 4,October,7,0.68,Se,SP 50,2,1,0.0133202742409402
2024,Qtr 4,October,7,0.69,B,GOLF P,12,6,0.0063617923658491
2024,Qtr 4,October,7,0.7,B,C&H2,12,6,0.0174999999999999
2024,Qtr 4,October,7,0.71,B,BRU-1A,12,6,0.0070999999999999
2024,Qtr 4,October,7,0.72,B,DAF,12,6,0.0033395176252319
2024,Qtr 4,October,7,0.74,Se,DAF,2,1,0.0034322820037105
2024,Qtr 4,October,7,0.74,Se,GL RANCH,2,1,0.0039714485053399
2024,Qtr 4,October,7,0.76,Se,GL RANCH,2,1,0.0040787849514302
2024,Qtr 4,October,7,0.77,Se,BI,2,1,0.004831524126247
2024,Qtr 4,October,7,0.77,Se,GOLF,2,1,0.0079226257845457
2024,Qtr 4,October,7,0.78,B,DAF,12,6,0.0036178107606679
2024,Qtr 4,October,7,0.83,B,TERK,12,6,0.0037698142344551
2024,Qtr 4,October,7,0.92,Se,TERK,2,1,0.0041785892719262
2024,Qtr 4,October,7,0.93,B,DAF 2,12,6,0.0475460122699386
2024,Qtr 4,October,7,0.95,Cu,DAF,4,2,0.0044063079777365
2024,Qtr 4,October,7,0.97,Co,DAF,3.25,1.25,0.0044990723562152
2024,Qtr 4,October,7,0.97,Se,BI,2,1,0.0060864654577398
2024,Qtr 4,October,7,0.98,B,DAF,12,6,0.0045454545454545
2024,Qtr 4,October,7,0.99,B,GL RANCH,12,6,0.0053131540814683
2024,Qtr 4,October,7,1.01,Se,DAF 2,2,1,0.0516359918200409
2024,Qtr 4,October,7,1.03,Se,TERK,2,1,0.004678203206613
2024,Qtr 4,October,7,1.05,Co,GOLF,3.25,1.25,0.0108035806152896
2024,Qtr 4,October,7,1.11,Se,KF,2,1,0.0069047026623538
2024,Qtr 4,October,7,1.13,Se,BRU-1A,2,1,0.0113
2024,Qtr 4,October,7,1.14,B,TERK,12,6,0.0051778171412999
2024,Qtr 4,October,7,1.17,Co,DAF,3.25,1.25,0.0054267161410018
2024,Qtr 4,October,7,1.18,B,GL RANCH,12,6,0.0063328503193259
2024,Qtr 4,October,7,1.22,Se,GJ,2,1,0.0699541284403669
2024,Qtr 4,October,7,1.23,Co,SP 50,3.25,1.25,0.0240940254652301
2024,Qtr 4,October,7,1.25,Cu,RCH,4,2,0.0124850179784258
2024,Qtr 4,October,7,1.39,B,GL RANCH,12,6,0.0074598830032737
2024,Qtr 4,October,7,1.46,Co,BI,3.25,1.25,0.009161071719897
2024,Qtr 4,October,7,1.52,Co,DAF,3.25,1.25,0.0070500927643784
2024,Qtr 4,October,7,1.52,Co,GL RANCH,3.25,1.25,0.0081575699028605
2024,Qtr 4,October,7,1.58,Co,RCH,3.25,1.25,0.0157810627247303
2024,Qtr 4,October,7,1.64,Cu,DAF,4,2,0.0076066790352504
2024,Qtr 4,October,7,1.67,Co,DAF,3.25,1.25,0.0077458256029684
2024,Qtr 4,October,7,1.68,Co,GJ,3.25,1.25,0.0963302752293577
2024,Qtr 4,October,7,1.71,Zn,DAF,20,10,0.0079313543599257
2024,Qtr 4,October,7,1.75,Zn,GJ,20,10,0.1003440366972477
2024,Qtr 4,October,7,1.77,Co,GL RANCH,3.25,1.25,0.0094992754789888
2024,Qtr 4,October,7,1.78,Zn,C&H2,20,10,0.0445
2024,Qtr 4,October,7,1.79,Co,TERK,3.25,1.25,0.008130081300813
2024,Qtr 4,October,7,1.8,Co,C&H2,3.25,1.25,0.045
2024,Qtr 4,October,7,1.82,I,TERK,6.5,2.5,0.0082663396466366
2024,Qtr 4,October,7,1.83,Zn,DAF,20,10,0.0084879406307977
2024,Qtr 4,October,7,1.84,I,DAF,6.5,2.5,0.0085343228200371
2024,Qtr 4,October,7,1.85,Co,BRU-1A,3.25,1.25,0.0185
2024,Qtr 4,October,7,1.85,I,BI,6.5,2.5,0.0116082073163079
2024,Qtr 4,October,7,1.85,Zn,DAF,20,10,0.0085807050092764
2024,Qtr 4,October,7,1.86,I,KF,6.5,2.5,0.0115700422990793
2024,Qtr 4,October,7,1.86,Zn,GL RANCH,20,10,0.0099822894863951
2024,Qtr 4,October,7,1.87,Co,GL RANCH,3.25,1.25,0.0100359577094402
2024,Qtr 4,October,7,1.88,Zn,DAF,20,10,0.0087198515769944
2024,Qtr 4,October,7,1.93,Co,KF,3.25,1.25,0.012005473998507
2024,Qtr 4,October,7,1.97,Cu,DAF,4,2,0.0091372912801484
2024,Qtr 4,October,7,2.06,Co,BI,3.25,1.25,0.0129258957143753
2024,Qtr 4,October,7,2.06,I,DAF 2,6.5,2.5,0.1053169734151329
2024,Qtr 4,October,7,2.07,Cu,DAF,4,2,0.0096011131725417
2024,Qtr 4,October,7,2.07,I,GL RANCH,6.5,2.5,0.0111093221703429
2024,Qtr 4,October,7,2.12,Cu,GL RANCH,4,2,0.0113776632855686
2024,Qtr 4,October,7,2.16,Cu,GL RANCH,4,2,0.0115923361777491
2024,Qtr 4,October,7,2.17,Cu,BI,4,2,0.0136161134466963
2024,Qtr 4,October,7,2.21,I,GL RANCH,6.5,2.5,0.0118606772929748
2024,Qtr 4,October,7,2.24,B,KF,12,6,0.0139338143816869
2024,Qtr 4,October,7,2.28,Co,GOLF P,3.25,1.25,0.0210215747741102
2024,Qtr 4,October,7,2.3,Co,DAF 2,3.25,1.25,0.1175869120654396
2024,Qtr 4,October,7,2.35,I,TERK,6.5,2.5,0.010673570422855
2024,Qtr 4,October,7,2.36,Zn,TERK,20,10,0.0107189898714629
2024,Qtr 4,October,7,2.43,I,DAF,6.5,2.5,0.0112708719851577
2024,Qtr 4,October,7,2.44,P,GL RANCH,800,400,0.0130950464230129
2024,Qtr 4,October,7,2.5,Cu,BI,4,2,0.0156867666436594
2024,Qtr 4,October,7,2.5,I,RCH,6.5,2.5,0.0249700359568517
2024,Qtr 4,October,7,2.59,Cu,GOLF P,4,2,0.0238797713442743
2024,Qtr 4,October,7,2.61,Co,TERK,3.25,1.25,0.0118544760866603
2024,Qtr 4,October,7,2.72,Zn,BRU-1A,20,10,0.0272
2024,Qtr 4,October,7,2.82,Cu,TERK,4,2,0.012808284507426
2024,Qtr 4,October,7,2.88,Zn,GOLF P,20,10,0.0265535681357182
2024,Qtr 4,October,7,2.98,Cu,GOLF,4,2,0.0306615906986315
2024,Qtr 4,October,7,2.98,I,GJ,6.5,2.5,0.1708715596330275
2024,Qtr 4,October,7,3.03,I,BI,6.5,2.5,0.0190123611721152
2024,Qtr 4,October,7,3.08,I,DAF,6.5,2.5,0.0142857142857142
2024,Qtr 4,October,7,3.13,Zn,GL RANCH,20,10,0.0167981538131272
2024,Qtr 4,October,7,3.16,Zn,DAF 2,20,10,0.1615541922290388
2024,Qtr 4,October,7,3.25,Cu,GJ,4,2,0.1863532110091743
2024,Qtr 4,October,7,3.58,Cu,KF,4,2,0.0222692211993033
2024,Qtr 4,October,7,3.69,Zn,BI,20,10,0.0231536675660412
2024,Qtr 4,October,7,3.92,Cu,SP 50,4,2,0.0767874632713026
2024,Qtr 4,October,7,3.96,S,DAF,700,300,0.0183673469387755
2024,Qtr 4,October,7,4.05,Cu,TERK,4,2,0.018394876686197
2024,Qtr 4,October,7,4.22,Zn,GOLF,20,10,0.0434201049490688
2024,Qtr 4,October,7,4.43,P,GOLF,800,400,0.0455808210721267
2024,Qtr 4,October,7,4.71,Zn,KF,20,10,0.0292983329186364
2024,Qtr 4,October,7,4.72,Zn,TERK,20,10,0.0214379797429259
2024,Qtr 4,October,7,4.81,P,DAF 2,800,400,0.2459100204498977
2024,Qtr 4,October,7,4.84,I,C&H2,6.5,2.5,0.121
2024,Qtr 4,October,7,4.97,Cu,GL RANCH,4,2,0.026673106853432
2024,Qtr 4,October,7,5.18,Zn,RCH,20,10,0.0517379145025968
2024,Qtr 4,October,7,5.33,I,BRU-1A,6.5,2.5,0.0533
2024,Qtr 4,October,7,5.37,Cu,BRU-1A,4,2,0.0537
2024,Qtr 4,October,7,5.38,I,GOLF P,6.5,2.5,0.0496035404757514
2024,Qtr 4,October,7,5.49,Zn,GL RANCH,20,10,0.0294638544517791
2024,Qtr 4,October,7,5.6,P,BI,800,400,0.035138357281797
2024,Qtr 4,October,7,5.85,S,TERK,700,300,0.0265703774356179
2024,Qtr 4,October,7,6.09,S,GOLF P,700,300,0.0561497326203208
2024,Qtr 4,October,7,6.16,Cu,DAF 2,4,2,0.3149284253578732
2024,Qtr 4,October,7,6.33,S,RCH,700,300,0.0632241310427487
2024,Qtr 4,October,7,6.53,S,BI,700,300,0.0409738344732383
2024,Qtr 4,October,7,6.59,P,SP 50,800,400,0.1290891283055827
2024,Qtr 4,October,7,6.68,P,GJ,800,400,0.3830275229357798
2024,Qtr 4,October,7,6.75,P,C&H2,800,400,0.16875
2024,Qtr 4,October,7,6.84,S,SP 50,700,300,0.1339862879529872
2024,Qtr 4,October,7,6.88,S,GJ,700,300,0.3944954128440366
2024,Qtr 4,October,7,7,Cu,C&H2,4,2,0.175
2024,Qtr 4,October,7,7,S,C&H2,700,300,0.175
2024,Qtr 4,October,7,7.24,S,GOLF,700,300,0.0744932606235209
2024,Qtr 4,October,7,7.51,S,BI,700,300,0.0471230469975528
2024,Qtr 4,October,7,8.17,P,DAF,800,400,0.0378942486085343
2024,Qtr 4,October,7,8.39,P,DAF,800,400,0.0389146567717996
2024,Qtr 4,October,7,8.96,S,DAF,700,300,0.0415584415584415
2024,Qtr 4,October,7,8.97,S,GL RANCH,700,300,0.048140396071486
2024,Qtr 4,October,7,9.51,P,KF,800,400,0.05915650659368
2024,Qtr 4,October,7,9.72,S,DAF 2,700,300,0.4969325153374234
2024,Qtr 4,October,7,9.82,S,TERK,700,300,0.0446018985329518
2024,Qtr 4,October,7,10.22,I,SP 50,6.5,2.5,0.2001958863858962
2024,Qtr 4,October,7,10.84,P,DAF,800,400,0.0502782931354359
2024,Qtr 4,October,7,10.96,I,DAF,6.5,2.5,0.0508348794063079
2024,Qtr 4,October,7,11.47,P,BI,800,400,0.0719708853611093
2024,Qtr 4,October,7,12.01,P,BRU-1A,800,400,0.1201
2024,Qtr 4,October,7,12.17,I,GOLF,6.5,2.5,0.1252186438934046
2024,Qtr 4,October,7,12.52,P,GOLF P,800,400,0.1154342614788862
2024,Qtr 4,October,7,12.57,I,GL RANCH,6.5,2.5,0.0674609563677346
2024,Qtr 4,October,7,13.59,Zn,BI,20,10,0.0852732634749325
2024,Qtr 4,October,7,14.57,P,DAF,800,400,0.0675788497217068
2024,Qtr 4,October,7,15.06,S,GL RANCH,700,300,0.0808243439059732
2024,Qtr 4,October,7,16,S,DAF,700,300,0.0742115027829313
2024,Qtr 4,October,7,16.47,P,TERK,800,400,0.0748058318572012
2024,Qtr 4,October,7,16.94,P,RCH,800,400,0.1691969636436276
2024,Qtr 4,October,7,17.6,Mn,GOLF,40,15,0.1810885893610453
2024,Qtr 4,October,7,18.51,S,KF,700,300,0.1151405822343866
2024,Qtr 4,October,7,18.74,Mn,DAF,40,15,0.0869202226345083
2024,Qtr 4,October,7,18.87,P,GL RANCH,800,400,0.1012719368861697
2024,Qtr 4,October,7,20.59,Zn,SP 50,20,10,0.403330068560235
2024,Qtr 4,October,7,24.82,S,GL RANCH,700,300,0.133204529598025
2024,Qtr 4,October,7,25.12,P,GL RANCH,800,400,0.134814576289379
2024,Qtr 4,October,7,26.65,Mn,SP 50,40,15,0.5220372184133203
2024,Qtr 4,October,7,26.89,Mn,DAF,40,15,0.124721706864564
2024,Qtr 4,October,7,32.51,S,DAF,700,300,0.1507884972170686
2024,Qtr 4,October,7,32.59,Na,RCH,80,40,0.3255093887335198
2024,Qtr 4,October,7,32.83,Cl,DAF,4000,2000,0.1522727272727272
2024,Qtr 4,October,7,37.43,Fe,DAF,65,25,0.17360853432282
2024,Qtr 4,October,7,37.47,Na,GL RANCH,80,40,0.2010948317501207
2024,Qtr 4,October,7,39.25,S,BRU-1A,700,300,0.3925
2024,Qtr 4,October,7,40.15,Na,BI,80,40,0.2519294722971701
2024,Qtr 4,October,7,42.8,Fe,GL RANCH,65,25,0.2296999946331776
2024,Qtr 4,October,7,46.03,Na,DAF,80,40,0.2134972170686456
2024,Qtr 4,October,7,47.09,Mn,RCH,40,15,0.4703355972832601
2024,Qtr 4,October,7,47.38,Fe,SP 50,65,25,0.928109696376102
2024,Qtr 4,October,7,47.39,Na,C&H2,80,40,1.18475
2024,Qtr 4,October,7,49.81,Fe,GOLF,65,25,0.5125012861405495
2024,Qtr 4,October,7,50.4,Mn,DAF,40,15,0.2337662337662337
2024,Qtr 4,October,7,50.76,Cl,GL RANCH,4000,2000,0.2724199001771051
2024,Qtr 4,October,7,51.47,Mn,GL RANCH,40,15,0.2762303440133097
2024,Qtr 4,October,7,55.1,Cl,TERK,4000,2000,0.2502611618294954
2024,Qtr 4,October,7,55.43,Cl,BI,4000,2000,0.3478069900232164
2024,Qtr 4,October,7,56.53,Cl,TERK,4000,2000,0.2567561429804242
2024,Qtr 4,October,7,57.19,Mn,DAF,40,15,0.2652597402597402
2024,Qtr 4,October,7,57.38,Na,SP 50,80,40,1.123996082272282
2024,Qtr 4,October,7,57.55,Fe,DAF,65,25,0.2669294990723562
2024,Qtr 4,October,7,57.66,Mn,C&H2,40,15,1.4415
2024,Qtr 4,October,7,57.86,K,DAF,10000,6000,0.2683673469387755
2024,Qtr 4,October,7,58.47,Fe,GL RANCH,65,25,0.3137981001449041
2024,Qtr 4,October,7,58.77,Cl,SP 50,4000,2000,1.1512242899118512
2024,Qtr 4,October,7,58.92,Mn,GL RANCH,40,15,0.3162131701819353
2024,Qtr 4,October,7,59.23,Mn,GL RANCH,40,15,0.3178768850963344
2024,Qtr 4,October,7,59.52,Na,DAF,80,40,0.2760667903525046
2024,Qtr 4,October,7,59.82,Fe,KF,65,25,0.3721074894252302
2024,Qtr 4,October,7,60.33,K,GOLF,10000,6000,0.6207428747813561
2024,Qtr 4,October,7,61.25,Fe,TERK,65,25,0.2781941227233501
2024,Qtr 4,October,7,61.57,K,GJ,10000,6000,3.5303899082568804
2024,Qtr 4,October,7,62.5,Na,BRU-1A,80,40,0.625
2024,Qtr 4,October,7,63.29,Na,DAF 2,80,40,3.2356850715746424
2024,Qtr 4,October,7,63.63,Fe,DAF,65,25,0.2951298701298701
2024,Qtr 4,October,7,64.56,Na,GJ,80,40,3.701834862385321
2024,Qtr 4,October,7,65.55,Na,DAF,80,40,0.3040352504638219
2024,Qtr 4,October,7,66.16,Fe,C&H2,65,25,1.654
2024,Qtr 4,October,7,67.15,Fe,GL RANCH,65,25,0.3603821177480814
2024,Qtr 4,October,7,68.44,Cl,GL RANCH,4000,2000,0.3673053185209037
2024,Qtr 4,October,7,69.26,Mn,GJ,40,15,3.971330275229358
2024,Qtr 4,October,7,69.46,Na,DAF,80,40,0.3221706864564007
2024,Qtr 4,October,7,70.24,Fe,GJ,65,25,4.027522935779816
2024,Qtr 4,October,7,70.27,Cl,DAF,4000,2000,0.3259276437847866
2024,Qtr 4,October,7,70.43,Mn,KF,40,15,0.4381064941527743
2024,Qtr 4,October,7,70.87,K,BI,10000,6000,0.4446884608144569
2024,Qtr 4,October,7,71,Mn,BRU-1A,40,15,0.71
2024,Qtr 4,October,7,71.34,K,DAF 2,10000,6000,3.6472392638036815
2024,Qtr 4,October,7,72.52,Mn,BI,40,15,0.4550417267992721
2024,Qtr 4,October,7,73.47,Na,TERK,80,40,0.3336966889221965
2024,Qtr 4,October,7,74.98,Na,TERK,80,40,0.3405550256619885
2024,Qtr 4,October,7,77.14,Mn,BI,40,15,0.4840308715567547
2024,Qtr 4,October,7,77.52,Mn,GOLF P,40,15,0.7147335423197492
2024,Qtr 4,October,7,77.65,Na,GOLF P,80,40,0.7159321408814311
2024,Qtr 4,October,7,77.78,Mn,TERK,40,15,0.3532724712721988
2024,Qtr 4,October,7,79.13,Na,GL RANCH,80,40,0.424676648956153
2024,Qtr 4,October,7,79.77,Fe,DAF,65,25,0.3699907235621521
2024,Qtr 4,October,7,81.29,Na,BI,80,40,0.5100709041852294
2024,Qtr 4,October,7,81.41,P,TERK,800,400,0.3697597311168642
2024,Qtr 4,October,7,82.62,Cl,KF,4000,2000,0.5139338143816871
2024,Qtr 4,October,7,83.24,Fe,BRU-1A,65,25,0.8323999999999999
2024,Qtr 4,October,7,83.5,Cl,GL RANCH,4000,2000,0.448129662426877
2024,Qtr 4,October,7,84.54,Cl,BI,4000,2000,0.5304637008219866
2024,Qtr 4,October,7,89.33,Cl,GOLF,4000,2000,0.9191274822512604
2024,Qtr 4,October,7,89.55,Cl,DAF,4000,2000,0.4153525046382189
2024,Qtr 4,October,7,90.46,Cl,GOLF P,4000,2000,0.834040199151761
2024,Qtr 4,October,7,90.55,Na,GL RANCH,80,40,0.4859657596736971
2024,Qtr 4,October,7,95.43,K,C&H2,10000,6000,2.3857500000000003
2024,Qtr 4,October,7,96.34,K,BRU-1A,10000,6000,0.9634
2024,Qtr 4,October,7,97.05,Na,GOLF,80,40,0.998559522584628
2024,Qtr 4,October,7,97.07,Fe,GOLF P,65,25,0.8949843260188087
2024,Qtr 4,October,7,97.48,Fe,BI,65,25,0.6116584049695677
2024,Qtr 4,October,7,98.13,Cl,DAF,4000,2000,0.4551484230055658
2024,Qtr 4,October,7,103.69,Mn,DAF 2,40,15,5.301124744376279
2024,Qtr 4,October,7,103.71,Fe,TERK,65,25,0.4710451015124676
2024,Qtr 4,October,7,103.83,Fe,BI,65,25,0.6515027922444625
2024,Qtr 4,October,7,106.68,Cl,DAF 2,4000,2000,5.453987730061351
2024,Qtr 4,October,7,107.63,Fe,RCH,65,25,1.0750099880143826
2024,Qtr 4,October,7,111.97,K,DAF,10000,6000,0.5193413729128015
2024,Qtr 4,October,7,113.45,Cl,RCH,4000,2000,1.1331402317219337
2024,Qtr 4,October,7,119.23,Mn,TERK,40,15,0.541536085751919
2024,Qtr 4,October,7,120.49,Fe,DAF 2,65,25,6.16002044989775
2024,Qtr 4,October,7,126.64,K,GL RANCH,10000,6000,0.6796543766435893
2024,Qtr 4,October,7,130.47,K,SP 50,10000,6000,2.5557296767874638
2024,Qtr 4,October,7,133.36,Si,DAF,100,40,0.6185528756957329
2024,Qtr 4,October,7,135.59,Cl,GJ,4000,2000,7.774655963302752
2024,Qtr 4,October,7,145.47,K,DAF,10000,6000,0.674721706864564
2024,Qtr 4,October,7,150.83,Na,KF,80,40,0.9382309032097538
2024,Qtr 4,October,7,154.31,Cl,BRU-1A,4000,2000,1.5431
2024,Qtr 4,October,7,154.33,Al,DAF,8,4,0.7158163265306123
2024,Qtr 4,October,7,157.17,K,BI,10000,6000,0.9861956453535796
2024,Qtr 4,October,7,165.35,Mg,DAF,2000,1000,0.7669294990723562
2024,Qtr 4,October,7,171.73,K,DAF,10000,6000,0.7965213358070501
2024,Qtr 4,October,7,172.17,K,GL RANCH,10000,6000,0.9240057961680888
2024,Qtr 4,October,7,173.41,K,TERK,10000,6000,0.7876186583094882
2024,Qtr 4,October,7,173.93,Al,GL RANCH,8,4,0.9334514034240328
2024,Qtr 4,October,7,175.79,Si,RCH,100,40,1.7557930483419897
2024,Qtr 4,October,7,187.68,Cl,C&H2,4000,2000,4.692
2024,Qtr 4,October,7,188.86,Al,DAF,8,4,0.8759740259740261
2024,Qtr 4,October,7,190.09,Al,SP 50,8,4,3.72360430950049
2024,Qtr 4,October,7,190.16,Si,GL RANCH,100,40,1.0205549294262866
2024,Qtr 4,October,7,200.94,Al,GL RANCH,8,4,1.078409273868942
2024,Qtr 4,October,7,201.24,Al,DAF 2,8,4,10.28834355828221
2024,Qtr 4,October,7,204.29,Mg,BI,2000,1000,1.281859823053272
2024,Qtr 4,October,7,205.08,Al,GL RANCH,8,4,1.100627918209628
2024,Qtr 4,October,7,207.99,K,GOLF P,10000,6000,1.9176654988014017
2024,Qtr 4,October,7,212.31,Si,DAF,100,40,0.9847402597402598
2024,Qtr 4,October,7,215.72,Si,SP 50,100,40,4.225661116552399
2024,Qtr 4,October,7,220.76,Si,BI,100,40,1.3852042417017003
2024,Qtr 4,October,7,223.7,Mg,DAF,2000,1000,1.037569573283859
2024,Qtr 4,October,7,227.38,K,RCH,10000,6000,2.2710747103475826
2024,Qtr 4,October,7,234.12,Al,TERK,8,4,1.063360130808012
2024,Qtr 4,October,7,235.49,Si,GL RANCH,100,40,1.2638329844898837
2024,Qtr 4,October,7,238.75,Al,GOLF,8,4,2.4565284494289537
2024,Qtr 4,October,7,245.45,Si,BRU-1A,100,40,2.4545
2024,Qtr 4,October,7,247.49,Si,DAF,100,40,1.14791280148423
2024,Qtr 4,October,7,250.78,Si,TERK,100,40,1.1390289321887632
2024,Qtr 4,October,7,251.44,Mg,C&H2,2000,1000,6.286
2024,Qtr 4,October,7,252.67,Si,DAF 2,100,40,12.917689161554192
2024,Qtr 4,October,7,255.07,K,KF,10000,6000,1.586650908186116
2024,Qtr 4,October,7,257.54,Si,GJ,100,40,14.767201834862384
2024,Qtr 4,October,7,259.3,Al,DAF,8,4,1.2026901669758814
2024,Qtr 4,October,7,260.46,Al,RCH,8,4,2.6014782261286453
2024,Qtr 4,October,7,263.47,K,GL RANCH,10000,6000,1.4139966725701711
2024,Qtr 4,October,7,265.18,Al,GJ,8,4,15.205275229357795
2024,Qtr 4,October,7,285.19,Si,GOLF,100,40,2.934355386356621
2024,Qtr 4,October,7,286.22,Si,DAF,100,40,1.3275510204081635
2024,Qtr 4,October,7,289.62,K,TERK,10000,6000,1.3154380705818232
2024,Qtr 4,October,7,290.21,Al,C&H2,8,4,7.255249999999999
2024,Qtr 4,October,7,296.86,Si,C&H2,100,40,7.4215
2024,Qtr 4,October,7,301.91,Al,KF,8,4,1.878016919631749
2024,Qtr 4,October,7,308.51,Al,BRU-1A,8,4,3.0851
2024,Qtr 4,October,7,312.29,Al,BI,8,4,1.9595281420593589
2024,Qtr 4,October,7,313.68,Si,GL RANCH,100,40,1.6834648204797935
2024,Qtr 4,October,7,315.98,Si,KF,100,40,1.9655386912167208
2024,Qtr 4,October,7,322.98,Al,DAF,8,4,1.498051948051948
2024,Qtr 4,October,7,324.65,Si,GOLF P,100,40,2.9932694080767104
2024,Qtr 4,October,7,328.91,Si,TERK,100,40,1.4938910841622384
2024,Qtr 4,October,7,332.3,Al,GOLF P,8,4,3.063802323437212
2024,Qtr 4,October,7,354.29,Mg,GL RANCH,2000,1000,1.901411474266087
2024,Qtr 4,October,7,356.45,Mg,BRU-1A,2000,1000,3.5645
2024,Qtr 4,October,7,363.8,Mg,GL RANCH,2000,1000,1.9524499543820104
2024,Qtr 4,October,7,369.19,Mg,DAF 2,2000,1000,18.87474437627812
2024,Qtr 4,October,7,379.02,Mg,RCH,2000,1000,3.785657211346384
2024,Qtr 4,October,7,381.69,Al,TERK,8,4,1.7336149339147024
2024,Qtr 4,October,7,392.4,Si,BI,100,40,2.4621948923887804
2024,Qtr 4,October,7,407.95,Al,BI,8,4,2.559766580912342
2024,Qtr 4,October,7,415.25,Mg,GJ,2000,1000,23.810206422018343
2024,Qtr 4,October,7,456.83,Mg,GOLF,2000,1000,4.700380697602634
2024,Qtr 4,October,7,519.25,Mg,TERK,2000,1000,2.358404868964891
2024,Qtr 4,October,7,533.91,Mg,DAF,2000,1000,2.47639146567718
2024,Qtr 4,October,7,544.65,Ca,DAF,2500,1500,2.5262059369202228
2024,Qtr 4,October,7,567.77,Mg,DAF,2000,1000,2.6334415584415583
2024,Qtr 4,October,7,614.06,Mg,SP 50,2000,1000,12.028599412340842
2024,Qtr 4,October,7,694.22,Mg,BI,2000,1000,4.356026855744494
2024,Qtr 4,October,7,701.49,Ca,C&H2,2500,1500,17.53725
2024,Qtr 4,October,7,713.63,Ca,BRU-1A,2500,1500,7.1363
2024,Qtr 4,October,7,733.41,Ca,DAF,2500,1500,3.401716141001855
2024,Qtr 4,October,7,735.97,Ca,DAF 2,2500,1500,37.62627811860941
2024,Qtr 4,October,7,762.25,Ca,GL RANCH,2500,1500,4.090860301615413
2024,Qtr 4,October,7,768.06,Ca,BI,2500,1500,4.819351195331618
2024,Qtr 4,October,7,810.4,Ca,GJ,2500,1500,46.46788990825688
2024,Qtr 4,October,7,835.55,Mg,GL RANCH,2000,1000,4.484248376536252
2024,Qtr 4,October,7,888.29,Ca,RCH,2500,1500,8.872253296044745
2024,Qtr 4,October,7,889.33,Mg,GOLF P,2000,1000,8.199612760464689
2024,Qtr 4,October,7,1008.12,Mg,TERK,2000,1000,4.578825453059
2024,Qtr 4,October,7,1172.07,Ca,GL RANCH,2500,1500,6.290291418451134
2024,Qtr 4,October,7,1193.78,Mg,KF,2000,1000,7.425852202040309
2024,Qtr 4,October,7,1314.13,Ca,GOLF,2500,1500,13.521247041876736
2024,Qtr 4,October,7,1417.8,Ca,GL RANCH,2500,1500,7.609080663339236
2024,Qtr 4,October,7,1659.31,Ca,SP 50,2500,1500,32.50362389813908
2024,Qtr 4,October,7,1741.7,Ca,GOLF P,2500,1500,16.058454729854326
2024,Qtr 4,October,7,1826.77,Ca,BI,2500,1500,11.462445880655078
2024,Qtr 4,October,7,2020.92,Ca,DAF,2500,1500,9.373469387755105
2024,Qtr 4,October,7,2057.82,Ca,DAF,2500,1500,9.544619666048238
2024,Qtr 4,October,7,2419.96,Ca,KF,2500,1500,15.053247076387162
2024,Qtr 4,October,7,2928.58,Ca,TERK,2500,1500,13.301448880410591
2024,Qtr 4,October,7,3397.64,Ca,TERK,2500,1500,15.431893536812463
2024,Qtr 4,October,24,0,Mo,505 NORTH,5.25,1.25,0
2024,Qtr 4,October,24,0,Mo,505 SOUTH,5.25,1.25,0
2024,Qtr 4,October,24,0,Mo,BALBOA,5.25,1.25,0
2024,Qtr 4,October,24,0,Mo,GB-40,5.25,1.25,0
2024,Qtr 4,October,24,0,Mo,TOP,5.25,1.25,0
2024,Qtr 4,October,24,0.01,Mo,WFP,5.25,1.25,0.0005165289256198
2024,Qtr 4,October,24,0.03,Mo,BALBOA,5.25,1.25,0.0001836884643644
2024,Qtr 4,October,24,0.05,Mo,BYRD,5.25,1.25,0.000765931372549
2024,Qtr 4,October,24,0.07,Mo,C&H3,5.25,1.25,0.0007072135785007
2024,Qtr 4,October,24,0.08,Mo,GOODMAN,5.25,1.25,0.000695652173913
2024,Qtr 4,October,24,0.08,Mo,REYES,5.25,1.25,0.0017391304347826
2024,Qtr 4,October,24,0.09,Mo,JK,5.25,1.25,0.0019902697921273
2024,Qtr 4,October,24,0.11,Mo,BRS-250,5.25,1.25,0.0004366638878964
2024,Qtr 4,October,24,0.14,Mo,MAZZ-HOME,5.25,1.25,0.0091086532205595
2024,Qtr 4,October,24,0.35,Se,MAZZ-HOME,2,1,0.0227716330513988
2024,Qtr 4,October,24,0.36,B,505 SOUTH,12,6,0.0009990841728415
2024,Qtr 4,October,24,0.36,Zn,TOP,20,10,0.0048
2024,Qtr 4,October,24,0.43,Se,C&H3,2,1,0.0043443119822186
2024,Qtr 4,October,24,0.48,B,505 NORTH,12,6,0.0013321122304554
2024,Qtr 4,October,24,0.58,B,BRS-250,12,6,0.0023024095907268
2024,Qtr 4,October,24,0.66,B,JK,12,6,0.0145953118089341
2024,Qtr 4,October,24,0.67,B,C&H3,12,6,0.0067690442513639
2024,Qtr 4,October,24,0.75,Se,GOODMAN,2,1,0.0065217391304347
2024,Qtr 4,October,24,0.83,B,BYRD,12,6,0.0127144607843137
2024,Qtr 4,October,24,0.83,B,TOP,12,6,0.0110666666666666
2024,Qtr 4,October,24,0.83,Se,TOP,2,1,0.0110666666666666
2024,Qtr 4,October,24,0.85,Se,BALBOA,2,1,0.0052045064903257
2024,Qtr 4,October,24,0.88,B,MAZZ-HOME,12,6,0.0572543916720884
2024,Qtr 4,October,24,0.88,Se,WFP,2,1,0.0454545454545454
2024,Qtr 4,October,24,0.95,Se,GB-40,2,1,0.0237737737737737
2024,Qtr 4,October,24,0.96,B,GB-40,12,6,0.024024024024024
2024,Qtr 4,October,24,0.96,Zn,505 NORTH,20,10,0.0026642244609108
2024,Qtr 4,October,24,1.08,B,BALBOA,12,6,0.0066127847171197
2024,Qtr 4,October,24,1.12,Co,TOP,3.25,1.25,0.0149333333333333
2024,Qtr 4,October,24,1.14,B,GOODMAN,12,6,0.0099130434782608
2024,Qtr 4,October,24,1.14,I,GB-40,6.5,2.5,0.0285285285285285
2024,Qtr 4,October,24,1.15,Co,C&H3,3.25,1.25,0.0116185087896544
2024,Qtr 4,October,24,1.15,Zn,505 SOUTH,20,10,0.0031915188854661
2024,Qtr 4,October,24,1.17,Se,BYRD,2,1,0.017922794117647
2024,Qtr 4,October,24,1.19,B,REYES,12,6,0.0258695652173913
2024,Qtr 4,October,24,1.2,Se,BRS-250,2,1,0.0047636060497796
2024,Qtr 4,October,24,1.22,B,BALBOA,12,6,0.0074699975508204
2024,Qtr 4,October,24,1.22,Co,GB-40,3.25,1.25,0.0305305305305305
2024,Qtr 4,October,24,1.23,Co,BRS-250,3.25,1.25,0.0048826962010241
2024,Qtr 4,October,24,1.24,Co,BALBOA,3.25,1.25,0.0075924565270634
2024,Qtr 4,October,24,1.24,Co,BYRD,3.25,1.25,0.0189950980392156
2024,Qtr 4,October,24,1.24,Se,JK,2,1,0.0274214949137549
2024,Qtr 4,October,24,1.26,Zn,REYES,20,10,0.027391304347826
2024,Qtr 4,October,24,1.29,Co,505 NORTH,3.25,1.25,0.0035800516193489
2024,Qtr 4,October,24,1.31,Co,MAZZ-HOME,3.25,1.25,0.0852309694209499
2024,Qtr 4,October,24,1.32,Co,WFP,3.25,1.25,0.0681818181818181
2024,Qtr 4,October,24,1.36,Cu,TOP,4,2,0.0181333333333333
2024,Qtr 4,October,24,1.4,Co,505 SOUTH,3.25,1.25,0.0038853273388282
2024,Qtr 4,October,24,1.4,I,C&H3,6.5,2.5,0.0141442715700141
2024,Qtr 4,October,24,1.41,Se,505 SOUTH,2,1,0.0039130796769627
2024,Qtr 4,October,24,1.42,Se,REYES,2,1,0.0308695652173913
2024,Qtr 4,October,24,1.42,Zn,BALBOA,20,10,0.00869458731325
2024,Qtr 4,October,24,1.43,Co,GOODMAN,3.25,1.25,0.0124347826086956
2024,Qtr 4,October,24,1.44,Zn,GB-40,20,10,0.036036036036036
2024,Qtr 4,October,24,1.47,I,MAZZ-HOME,6.5,2.5,0.095640858815875
2024,Qtr 4,October,24,1.47,Zn,BYRD,20,10,0.0225183823529411
2024,Qtr 4,October,24,1.48,Se,BALBOA,2,1,0.0090619642419789
2024,Qtr 4,October,24,1.51,Se,505 NORTH,2,1,0.0041906030583076
2024,Qtr 4,October,24,1.52,Co,JK,3.25,1.25,0.0336134453781512
2024,Qtr 4,October,24,1.53,B,WFP,12,6,0.0790289256198347
2024,Qtr 4,October,24,1.57,Cu,C&H3,4,2,0.0158617902606587
2024,Qtr 4,October,24,1.57,I,GOODMAN,6.5,2.5,0.0136521739130434
2024,Qtr 4,October,24,1.59,I,BYRD,6.5,2.5,0.0243566176470588
2024,Qtr 4,October,24,1.6,Co,BALBOA,3.25,1.25,0.0097967180994366
2024,Qtr 4,October,24,1.61,Co,REYES,3.25,1.25,0.035
2024,Qtr 4,October,24,1.63,I,505 SOUTH,6.5,2.5,0.0045236311159215
2024,Qtr 4,October,24,1.66,Zn,C&H3,20,10,0.0167710648615882
2024,Qtr 4,October,24,1.71,Cu,BRS-250,4,2,0.006788138620936
2024,Qtr 4,October,24,1.77,Cu,BYRD,4,2,0.0271139705882352
2024,Qtr 4,October,24,1.81,Zn,BALBOA,20,10,0.0110825373499877
2024,Qtr 4,October,24,1.9,Zn,BRS-250,20,10,0.0075423762454844
2024,Qtr 4,October,24,1.93,Cu,BALBOA,4,2,0.0118172912074455
2024,Qtr 4,October,24,2.08,Cu,505 NORTH,4,2,0.0057724863319734
2024,Qtr 4,October,24,2.12,P,TOP,800,400,0.0282666666666666
2024,Qtr 4,October,24,2.13,Zn,GOODMAN,20,10,0.0185217391304347
2024,Qtr 4,October,24,2.25,Cu,JK,4,2,0.0497567448031844
2024,Qtr 4,October,24,2.33,Cu,505 SOUTH,4,2,0.0064662947853356
2024,Qtr 4,October,24,2.42,Cu,REYES,4,2,0.0526086956521739
2024,Qtr 4,October,24,2.5,I,BALBOA,6.5,2.5,0.0153073720303698
2024,Qtr 4,October,24,2.56,I,TOP,6.5,2.5,0.0341333333333333
2024,Qtr 4,October,24,2.57,Zn,MAZZ-HOME,20,10,0.1672088484059856
2024,Qtr 4,October,24,2.59,Cu,GOODMAN,4,2,0.0225217391304347
2024,Qtr 4,October,24,2.65,Cu,MAZZ-HOME,4,2,0.1724137931034483
2024,Qtr 4,October,24,2.67,I,JK,6.5,2.5,0.0590446704997788
2024,Qtr 4,October,24,2.77,P,C&H3,800,400,0.0279854516063851
2024,Qtr 4,October,24,2.79,I,BRS-250,6.5,2.5,0.0110753840657377
2024,Qtr 4,October,24,2.8,Zn,JK,20,10,0.0619195046439628
2024,Qtr 4,October,24,3.04,Cu,GB-40,4,2,0.076076076076076
2024,Qtr 4,October,24,3.09,Cu,BALBOA,4,2,0.0189199118295371
2024,Qtr 4,October,24,3.19,P,JK,800,400,0.0705440070765148
2024,Qtr 4,October,24,3.39,I,505 NORTH,6.5,2.5,0.0094080426275913
2024,Qtr 4,October,24,3.46,I,BALBOA,6.5,2.5,0.0211854028900318
2024,Qtr 4,October,24,3.74,I,WFP,6.5,2.5,0.1931818181818182
2024,Qtr 4,October,24,4.1,P,BYRD,800,400,0.0628063725490196
2024,Qtr 4,October,24,4.67,P,BRS-250,800,400,0.0185383668770592
2024,Qtr 4,October,24,4.89,Cu,WFP,4,2,0.2525826446280991
2024,Qtr 4,October,24,5.51,S,REYES,700,300,0.1197826086956521
2024,Qtr 4,October,24,5.76,P,BALBOA,800,400,0.035268185157972
2024,Qtr 4,October,24,6.32,I,REYES,6.5,2.5,0.1373913043478261
2024,Qtr 4,October,24,6.77,P,505 SOUTH,800,400,0.0187883329170482
2024,Qtr 4,October,24,7.11,P,REYES,800,400,0.1545652173913043
2024,Qtr 4,October,24,7.33,P,WFP,800,400,0.3786157024793388
2024,Qtr 4,October,24,7.34,Zn,WFP,20,10,0.3791322314049586
2024,Qtr 4,October,24,7.48,S,TOP,700,300,0.0997333333333333
2024,Qtr 4,October,24,7.51,S,BYRD,700,300,0.1150428921568627
2024,Qtr 4,October,24,7.65,P,MAZZ-HOME,800,400,0.4977228366948601
2024,Qtr 4,October,24,9.03,S,WFP,700,300,0.4664256198347107
2024,Qtr 4,October,24,9.04,S,GOODMAN,700,300,0.0786086956521739
2024,Qtr 4,October,24,9.45,S,MAZZ-HOME,700,300,0.6148340923877683
2024,Qtr 4,October,24,9.48,S,BRS-250,700,300,0.0376324877932595
2024,Qtr 4,October,24,9.94,P,BALBOA,800,400,0.0608621111927504
2024,Qtr 4,October,24,10.54,S,C&H3,700,300,0.1064861588199636
2024,Qtr 4,October,24,14.12,S,505 NORTH,700,300,0.0391863014458968
2024,Qtr 4,October,24,15.87,S,JK,700,300,0.3509509066784608
2024,Qtr 4,October,24,17.59,P,GOODMAN,800,400,0.1529565217391304
2024,Qtr 4,October,24,18.4,P,GB-40,800,400,0.4604604604604604
2024,Qtr 4,October,24,23.51,Mn,C&H3,40,15,0.2375227318650232
2024,Qtr 4,October,24,23.65,Mn,TOP,40,15,0.3153333333333333
2024,Qtr 4,October,24,24.43,P,505 NORTH,800,400,0.0677989620625537
2024,Qtr 4,October,24,24.83,S,BALBOA,700,300,0.1520328190056331
2024,Qtr 4,October,24,27.8,Cl,WFP,4000,2000,1.4359504132231409
2024,Qtr 4,October,24,28.09,Fe,BYRD,65,25,0.4303002450980392
2024,Qtr 4,October,24,28.19,S,BALBOA,700,300,0.1726059270144501
2024,Qtr 4,October,24,30.32,Fe,BRS-250,65,25,0.1203604461910999
2024,Qtr 4,October,24,30.33,Fe,C&H3,65,25,0.3064255405132349
2024,Qtr 4,October,24,30.35,Fe,REYES,65,25,0.6597826086956522
2024,Qtr 4,October,24,31.62,Mn,BALBOA,40,15,0.1936076414401175
2024,Qtr 4,October,24,32.73,Mn,MAZZ-HOME,40,15,2.1294729993493817
2024,Qtr 4,October,24,33.59,Fe,MAZZ-HOME,65,25,2.185426154847105
2024,Qtr 4,October,24,34.12,Mn,BRS-250,40,15,0.1354451986820689
2024,Qtr 4,October,24,34.67,Mn,505 NORTH,40,15,0.0962173563122693
2024,Qtr 4,October,24,34.92,Mn,WFP,40,15,1.803719008264463
2024,Qtr 4,October,24,35.19,Fe,TOP,65,25,0.4691999999999999
2024,Qtr 4,October,24,35.75,Mn,BYRD,40,15,0.547640931372549
2024,Qtr 4,October,24,35.78,Na,GB-40,80,40,0.8953953953953954
2024,Qtr 4,October,24,37.08,Fe,BALBOA,65,25,0.2270389419544452
2024,Qtr 4,October,24,37.29,Fe,JK,65,25,0.8246351172047767
2024,Qtr 4,October,24,37.7,Cl,BRS-250,4000,2000,0.149656623397245
2024,Qtr 4,October,24,37.79,Mn,GB-40,40,15,0.9456956956956956
2024,Qtr 4,October,24,38.6,Na,WFP,80,40,1.9938016528925624
2024,Qtr 4,October,24,39.05,Cl,BALBOA,4000,2000,0.2391011511143767
2024,Qtr 4,October,24,39.39,Mn,505 SOUTH,40,15,0.1093164599117475
2024,Qtr 4,October,24,41.52,Fe,WFP,65,25,2.144628099173554
2024,Qtr 4,October,24,41.95,Na,505 SOUTH,80,40,0.1164210584741764
2024,Qtr 4,October,24,41.96,Cl,JK,4000,2000,0.9279080053073862
2024,Qtr 4,October,24,42.68,Mn,GOODMAN,40,15,0.3711304347826087
2024,Qtr 4,October,24,43.11,Fe,505 SOUTH,65,25,0.119640329697777
2024,Qtr 4,October,24,43.37,Mn,REYES,40,15,0.9428260869565216
2024,Qtr 4,October,24,44.01,Fe,GOODMAN,65,25,0.382695652173913
2024,Qtr 4,October,24,45.31,S,GB-40,700,300,1.1338838838838838
2024,Qtr 4,October,24,47.17,Fe,GB-40,65,25,1.1804304304304305
2024,Qtr 4,October,24,48.22,K,JK,10000,6000,1.066342326404246
2024,Qtr 4,October,24,50.92,Na,JK,80,40,1.1260504201680672
2024,Qtr 4,October,24,55.63,Cl,MAZZ-HOME,4000,2000,3.619388418998049
2024,Qtr 4,October,24,55.76,Na,C&H3,80,40,0.5633461305314205
2024,Qtr 4,October,24,57.66,Mn,JK,40,15,1.2750995134896064
2024,Qtr 4,October,24,58.13,Na,MAZZ-HOME,80,40,3.7820429407937546
2024,Qtr 4,October,24,59.34,Mn,BALBOA,40,15,0.3633357825128582
2024,Qtr 4,October,24,64.67,Fe,BALBOA,65,25,0.3959710996816067
2024,Qtr 4,October,24,65.13,K,505 NORTH,10000,6000,0.1807509782699192
2024,Qtr 4,October,24,65.17,Na,BYRD,80,40,0.998314950980392
2024,Qtr 4,October,24,67.63,Na,TOP,80,40,0.9017333333333332
2024,Qtr 4,October,24,71.39,K,TOP,10000,6000,0.9518666666666666
2024,Qtr 4,October,24,74.54,Cl,GOODMAN,4000,2000,0.6481739130434783
2024,Qtr 4,October,24,74.61,Na,BRS-250,80,40,0.2961772061450518
2024,Qtr 4,October,24,74.7,Cl,C&H3,4000,2000,0.754697918771469
2024,Qtr 4,October,24,76.78,Cl,505 SOUTH,4000,2000,0.2130824521965975
2024,Qtr 4,October,24,77.1,Na,GOODMAN,80,40,0.6704347826086956
2024,Qtr 4,October,24,78.61,Cl,GB-40,4000,2000,1.967217217217217
2024,Qtr 4,October,24,79,Fe,505 NORTH,65,25,0.2192434712624538
2024,Qtr 4,October,24,79.73,K,C&H3,10000,6000,0.8055162659123055
2024,Qtr 4,October,24,81.45,Na,505 NORTH,80,40,0.2260427941054034
2024,Qtr 4,October,24,85.22,K,BALBOA,10000,6000,0.5217976977712466
2024,Qtr 4,October,24,90.03,Cl,TOP,4000,2000,1.2004
2024,Qtr 4,October,24,94.84,K,BALBOA,10000,6000,0.5807004653441098
2024,Qtr 4,October,24,96.17,Cl,BALBOA,4000,2000,0.5888439872642665
2024,Qtr 4,October,24,97.07,K,REYES,10000,6000,2.110217391304348
2024,Qtr 4,October,24,100.57,Cl,505 NORTH,4000,2000,0.2791052646185441
2024,Qtr 4,October,24,101.07,K,505 SOUTH,10000,6000,0.2804928815252685
2024,Qtr 4,October,24,101.69,Na,REYES,80,40,2.210652173913044
2024,Qtr 4,October,24,104.62,K,BRS-250,10000,6000,0.4153070541066254
2024,Qtr 4,October,24,113.11,K,BYRD,10000,6000,1.732689950980392
2024,Qtr 4,October,24,119.57,Na,BALBOA,80,40,0.732120989468528
2024,Qtr 4,October,24,123.32,Cl,BYRD,4000,2000,1.8890931372549016
2024,Qtr 4,October,24,124.49,K,GOODMAN,10000,6000,1.0825217391304347
2024,Qtr 4,October,24,130.78,K,WFP,10000,6000,6.755165289256198
2024,Qtr 4,October,24,130.97,Mg,GB-40,2000,1000,3.2775275275275275
2024,Qtr 4,October,24,134.41,Al,C&H3,8,4,1.3579511012325722
2024,Qtr 4,October,24,140.77,Al,BALBOA,8,4,0.8619275042860642
2024,Qtr 4,October,24,143.13,Al,GOODMAN,8,4,1.2446086956521738
2024,Qtr 4,October,24,144.58,Al,JK,8,4,3.197257850508625
2024,Qtr 4,October,24,149.28,Si,WFP,100,40,7.710743801652892
2024,Qtr 4,October,24,150.37,Al,BYRD,8,4,2.303462009803922
2024,Qtr 4,October,24,153.07,Al,BRS-250,8,4,0.60763764836648
2024,Qtr 4,October,24,155.31,Al,WFP,8,4,8.022210743801653
2024,Qtr 4,October,24,162.81,Si,C&H3,100,40,1.6448777530814305
2024,Qtr 4,October,24,163.56,Si,GB-40,100,40,4.093093093093093
2024,Qtr 4,October,24,163.72,Si,505 SOUTH,100,40,0.4543612799378347
2024,Qtr 4,October,24,163.98,Al,TOP,8,4,2.1864
2024,Qtr 4,October,24,168.11,Si,BRS-250,100,40,0.6673415108570522
2024,Qtr 4,October,24,168.96,K,MAZZ-HOME,10000,6000,10.99284320104099
2024,Qtr 4,October,24,171.48,S,505 SOUTH,700,300,0.4758970943301973
2024,Qtr 4,October,24,172.19,Si,505 NORTH,100,40,0.477867510337746
2024,Qtr 4,October,24,172.62,Al,REYES,8,4,3.752608695652174
2024,Qtr 4,October,24,172.96,Si,BALBOA,100,40,1.0590252265491062
2024,Qtr 4,October,24,173.06,Si,JK,100,40,3.8270676691729326
2024,Qtr 4,October,24,177.25,Al,GB-40,8,4,4.435685685685685
2024,Qtr 4,October,24,180.38,Na,BALBOA,80,40,1.1044575067352438
2024,Qtr 4,October,24,183.25,Al,MAZZ-HOME,8,4,11.922576447625245
2024,Qtr 4,October,24,185.95,Al,505 SOUTH,8,4,0.5160547276108012
2024,Qtr 4,October,24,186.75,Si,GOODMAN,100,40,1.623913043478261
2024,Qtr 4,October,24,187.76,Al,BALBOA,8,4,1.1496448689688954
2024,Qtr 4,October,24,192.15,Si,MAZZ-HOME,100,40,12.501626545217958
2024,Qtr 4,October,24,192.6,Si,TOP,100,40,2.568
2024,Qtr 4,October,24,195.03,Si,BYRD,100,40,2.987591911764706
2024,Qtr 4,October,24,210.7,Al,505 NORTH,8,4,0.5847417644936586
2024,Qtr 4,October,24,213.6,Si,BALBOA,100,40,1.307861866274798
2024,Qtr 4,October,24,217.61,Si,REYES,100,40,4.730652173913044
2024,Qtr 4,October,24,232.46,Cl,REYES,4000,2000,5.053478260869565
2024,Qtr 4,October,24,236.56,K,GB-40,10000,6000,5.91991991991992
2024,Qtr 4,October,24,240,Mg,WFP,2000,1000,12.396694214876034
2024,Qtr 4,October,24,391.1,Mg,JK,2000,1000,8.648827952233527
2024,Qtr 4,October,24,483.57,Mg,505 NORTH,2000,1000,1.342019815169428
2024,Qtr 4,October,24,525.7,Mg,505 SOUTH,2000,1000,1.4589404157300254
2024,Qtr 4,October,24,541.87,Mg,BRS-250,2000,1000,2.151046008495097
2024,Qtr 4,October,24,650.12,Mg,BALBOA,2000,1000,3.980651481753613
2024,Qtr 4,October,24,731.79,Mg,BALBOA,2000,1000,4.480712711241734
2024,Qtr 4,October,24,741.03,Ca,JK,2500,1500,16.387218045112782
2024,Qtr 4,October,24,743.39,Ca,REYES,2500,1500,16.160652173913043
2024,Qtr 4,October,24,776.26,Ca,C&H3,2500,1500,7.842594463527985
2024,Qtr 4,October,24,778.46,Mg,REYES,2000,1000,16.92304347826087
2024,Qtr 4,October,24,783.46,Mg,MAZZ-HOME,2000,1000,50.97332465842551
2024,Qtr 4,October,24,806.53,Mg,TOP,2000,1000,10.753733333333331
2024,Qtr 4,October,24,826.8,Mg,GOODMAN,2000,1000,7.189565217391304
2024,Qtr 4,October,24,842.03,Ca,GB-40,2500,1500,21.07182182182182
2024,Qtr 4,October,24,845.33,Ca,505 NORTH,2500,1500,2.34598839952266
2024,Qtr 4,October,24,847.48,Mg,C&H3,2000,1000,8.562133764396847
2024,Qtr 4,October,24,847.76,Ca,WFP,2500,1500,43.78925619834711
2024,Qtr 4,October,24,854.35,Mg,BYRD,2000,1000,13.087469362745098
2024,Qtr 4,October,24,1096.2,Ca,TOP,2500,1500,14.616
2024,Qtr 4,October,24,1138.46,Ca,BYRD,2500,1500,17.43964460784314
2024,Qtr 4,October,24,1275.12,Ca,MAZZ-HOME,2500,1500,82.9616135328562
2024,Qtr 4,October,24,1383.48,Ca,505 SOUTH,2500,1500,3.8394804762301225
2024,Qtr 4,October,24,1383.87,Ca,GOODMAN,2500,1500,12.033652173913042
2024,Qtr 4,October,24,1530.33,Ca,BRS-250,2500,1500,6.0749077051327856
2024,Qtr 4,October,24,1563.51,Ca,BALBOA,2500,1500,9.57329169728141
2024,Qtr 4,October,24,1923.37,Ca,BALBOA,2500,1500,11.776696056820963
